,on_num,off_num
0,37.0,773.0
1,58.0,758.0
2,69.0,748.0
3,79.0,738.0
4,81.0,727.0
5,101.0,716.0
6,104.0,706.0
7,107.0,708.0
8,119.0,701.0
9,130.0,683.0
10,133.0,679.0
11,134.0,671.0
12,138.0,664.0
13,155.0,662.0
14,175.0,660.0
15,176.0,648.0
16,181.0,651.0
17,193.0,641.0
18,200.0,637.0
19,198.0,619.0
20,212.0,627.0
21,200.0,625.0
22,200.0,626.0
23,207.0,621.0
24,210.0,628.0
25,223.0,612.0
26,215.0,614.0
27,233.0,612.0
28,243.0,603.0
29,241.0,599.0
30,243.0,596.0
31,237.0,595.0
32,260.0,600.0
33,260.0,593.0
34,269.0,587.0
35,265.0,590.0
36,278.0,582.0
37,278.0,586.0
38,284.0,584.0
39,278.0,578.0
40,285.0,577.0
41,293.0,566.0
42,289.0,573.0
43,289.0,570.0
44,297.0,572.0
45,301.0,562.0
46,298.0,565.0
47,309.0,562.0
48,297.0,556.0
49,303.0,559.0
50,299.0,552.0
51,308.0,550.0
52,316.0,546.0
53,326.0,547.0
54,319.0,546.0
55,319.0,542.0
56,319.0,543.0
57,320.0,543.0
58,328.0,538.0
59,342.0,540.0
60,335.0,537.0
61,340.0,534.0
62,346.0,528.0
63,333.0,532.0
64,331.0,531.0
65,344.0,532.0
66,338.0,525.0
67,339.0,514.0
68,330.0,514.0
69,326.0,512.0
70,328.0,503.0
71,332.0,502.0
72,341.0,496.0
73,340.0,486.0
74,346.0,481.0
75,342.0,477.0
76,344.0,479.0
77,351.0,484.0
78,358.0,477.0
79,369.0,473.0
80,360.0,478.0
81,371.0,471.0
82,370.0,465.0
83,377.0,464.0
84,374.0,461.0
85,378.0,463.0
86,373.0,467.0
87,371.0,459.0
88,373.0,466.0
89,381.0,450.0
90,388.0,447.0
91,383.0,453.0
92,381.0,455.0
93,387.0,451.0
94,388.0,448.0
95,384.0,442.0
96,381.0,443.0
97,387.0,440.0
98,386.0,443.0
99,394.0,440.0
100,401.0,433.0
101,393.0,438.0
102,403.0,441.0
103,393.0,436.0
104,412.0,435.0
105,408.0,434.0
106,414.0,431.0
107,404.0,423.0
108,400.0,427.0
109,409.0,426.0
110,398.0,436.0
111,396.0,423.0
112,404.0,428.0
113,406.0,428.0
114,397.0,424.0
115,400.0,421.0
116,400.0,419.0
117,397.0,413.0
118,402.0,412.0
119,397.0,411.0
120,410.0,407.0
121,413.0,408.0
122,428.0,414.0
123,426.0,410.0
124,428.0,409.0
125,435.0,405.0
126,450.0,406.0
127,451.0,399.0
128,458.0,398.0
129,443.0,394.0
130,438.0,387.0
131,442.0,389.0
132,437.0,394.0
133,444.0,386.0
134,447.0,402.0
135,444.0,390.0
136,446.0,392.0
137,439.0,392.0
138,447.0,391.0
139,463.0,383.0
140,458.0,378.0
141,441.0,376.0
142,438.0,382.0
143,452.0,379.0
144,456.0,383.0
145,448.0,378.0
146,469.0,380.0
147,465.0,380.0
148,462.0,370.0
149,474.0,375.0
150,472.0,372.0
151,466.0,371.0
152,465.0,364.0
153,483.0,364.0
154,478.0,366.0
155,483.0,365.0
156,485.0,367.0
157,500.0,361.0
158,489.0,364.0
159,489.0,365.0
160,493.0,363.0
161,486.0,357.0
162,497.0,358.0
163,497.0,361.0
164,506.0,364.0
165,514.0,361.0
166,509.0,358.0
167,514.0,353.0
168,513.0,353.0
169,505.0,349.0
170,512.0,347.0
171,517.0,347.0
172,516.0,345.0
173,527.0,341.0
174,530.0,341.0
175,528.0,340.0
176,524.0,342.0
177,535.0,335.0
178,532.0,342.0
179,528.0,331.0
180,528.0,335.0
181,524.0,330.0
182,536.0,334.0
183,535.0,335.0
184,538.0,337.0
185,536.0,333.0
186,539.0,334.0
187,544.0,336.0
188,532.0,330.0
189,533.0,328.0
190,537.0,332.0
191,547.0,331.0
192,548.0,331.0
193,533.0,338.0
194,538.0,339.0
195,534.0,338.0
196,545.0,331.0
197,529.0,339.0
198,536.0,335.0
199,552.0,339.0
200,546.0,338.0
201,540.0,344.0
202,528.0,347.0
203,542.0,347.0
204,540.0,346.0
205,535.0,340.0
206,523.0,339.0
207,535.0,332.0
208,527.0,335.0
209,540.0,334.0
210,543.0,330.0
211,546.0,330.0
212,552.0,325.0
213,562.0,325.0
214,562.0,325.0
215,557.0,321.0
216,568.0,321.0
217,568.0,318.0
218,570.0,317.0
219,566.0,321.0
220,562.0,318.0
221,562.0,321.0
222,564.0,321.0
223,573.0,316.0
224,557.0,321.0
225,558.0,328.0
226,564.0,325.0
227,587.0,316.0
228,595.0,320.0
229,593.0,318.0
230,589.0,324.0
231,579.0,322.0
232,576.0,324.0
233,560.0,318.0
234,561.0,319.0
235,574.0,333.0
236,590.0,319.0
237,586.0,315.0
238,589.0,321.0
239,587.0,314.0
240,581.0,309.0
241,586.0,310.0
242,590.0,304.0
243,588.0,298.0
244,597.0,291.0
245,599.0,290.0
246,603.0,296.0
247,595.0,300.0
248,598.0,295.0
249,596.0,296.0
250,586.0,289.0
251,597.0,291.0
252,589.0,292.0
253,596.0,291.0
254,600.0,290.0
255,604.0,284.0
256,595.0,282.0
257,598.0,287.0
258,583.0,290.0
259,585.0,293.0
260,597.0,290.0
261,604.0,283.0
262,598.0,289.0
263,593.0,287.0
264,601.0,287.0
265,598.0,284.0
266,594.0,286.0
267,586.0,285.0
268,580.0,294.0
269,574.0,281.0
270,582.0,282.0
271,580.0,280.0
272,586.0,280.0
273,587.0,282.0
274,587.0,272.0
275,586.0,276.0
276,586.0,272.0
277,596.0,278.0
278,610.0,275.0
279,597.0,270.0
280,601.0,269.0
281,598.0,270.0
282,598.0,271.0
283,596.0,271.0
284,596.0,275.0
285,591.0,275.0
286,589.0,273.0
287,583.0,273.0
288,586.0,277.0
289,598.0,269.0
290,596.0,265.0
291,593.0,260.0
292,604.0,259.0
293,597.0,265.0
294,604.0,265.0
295,595.0,268.0
296,592.0,266.0
297,597.0,265.0
298,606.0,264.0
299,597.0,258.0
300,611.0,256.0
301,617.0,252.0
302,605.0,250.0
303,603.0,250.0
304,603.0,253.0
305,607.0,256.0
306,596.0,255.0
307,589.0,260.0
308,593.0,260.0
309,611.0,255.0
310,607.0,261.0
311,613.0,254.0
312,610.0,252.0
313,617.0,247.0
314,611.0,244.0
315,611.0,246.0
316,622.0,239.0
317,627.0,242.0
318,616.0,240.0
319,612.0,247.0
320,622.0,245.0
321,620.0,244.0
322,625.0,242.0
323,627.0,234.0
324,624.0,233.0
325,625.0,241.0
326,627.0,237.0
327,632.0,230.0
328,620.0,232.0
329,629.0,233.0
330,629.0,237.0
331,639.0,241.0
332,631.0,238.0
333,626.0,237.0
334,634.0,239.0
335,644.0,235.0
336,644.0,235.0
337,646.0,229.0
338,634.0,234.0
339,633.0,232.0
340,626.0,237.0
341,633.0,236.0
342,638.0,236.0
343,629.0,235.0
344,622.0,239.0
345,623.0,238.0
346,621.0,230.0
347,617.0,227.0
348,625.0,224.0
349,621.0,224.0
350,625.0,222.0
351,631.0,221.0
352,621.0,217.0
353,620.0,216.0
354,613.0,222.0
355,622.0,217.0
356,622.0,217.0
357,636.0,213.0
358,624.0,213.0
359,623.0,214.0
360,635.0,216.0
361,632.0,210.0
362,634.0,214.0
363,630.0,212.0
364,636.0,214.0
365,639.0,210.0
366,643.0,210.0
367,632.0,209.0
368,624.0,210.0
369,638.0,205.0
370,634.0,212.0
371,631.0,214.0
372,620.0,217.0
373,619.0,225.0
374,628.0,222.0
375,634.0,223.0
376,638.0,218.0
377,642.0,217.0
378,637.0,216.0
379,642.0,214.0
380,646.0,211.0
381,642.0,209.0
382,633.0,211.0
383,631.0,207.0
384,637.0,205.0
385,637.0,204.0
386,641.0,203.0
387,651.0,199.0
388,648.0,205.0
389,665.0,201.0
390,663.0,199.0
391,661.0,204.0
392,669.0,198.0
393,664.0,201.0
394,657.0,202.0
395,660.0,203.0
396,653.0,201.0
397,639.0,200.0
398,644.0,199.0
399,649.0,199.0
400,657.0,200.0
401,646.0,203.0
402,644.0,200.0
403,652.0,202.0
404,659.0,194.0
405,654.0,193.0
406,647.0,193.0
407,667.0,192.0
408,664.0,191.0
409,652.0,192.0
410,656.0,192.0
411,645.0,190.0
412,655.0,190.0
413,665.0,189.0
414,653.0,188.0
415,646.0,189.0
416,657.0,185.0
417,655.0,185.0
418,662.0,179.0
419,677.0,184.0
420,676.0,186.0
421,673.0,180.0
422,663.0,176.0
423,657.0,179.0
424,659.0,182.0
425,654.0,179.0
426,657.0,177.0
427,650.0,179.0
428,639.0,178.0
429,640.0,179.0
430,652.0,174.0
431,647.0,171.0
432,651.0,167.0
433,648.0,172.0
434,653.0,172.0
435,653.0,168.0
436,668.0,169.0
437,649.0,169.0
438,654.0,172.0
439,656.0,173.0
440,653.0,167.0
441,667.0,170.0
442,665.0,174.0
443,670.0,174.0
444,664.0,168.0
445,671.0,169.0
446,666.0,168.0
447,665.0,167.0
448,655.0,170.0
449,651.0,164.0
450,644.0,169.0
451,645.0,165.0
452,645.0,163.0
453,659.0,162.0
454,664.0,162.0
455,648.0,164.0
456,650.0,163.0
457,652.0,162.0
458,654.0,159.0
459,672.0,159.0
460,664.0,160.0
461,663.0,162.0
462,670.0,160.0
463,669.0,161.0
464,688.0,158.0
465,676.0,159.0
466,678.0,156.0
467,682.0,155.0
468,685.0,161.0
469,680.0,157.0
470,666.0,159.0
471,663.0,156.0
472,669.0,155.0
473,675.0,150.0
474,679.0,153.0
475,692.0,153.0
476,683.0,149.0
477,674.0,148.0
478,676.0,156.0
479,686.0,158.0
480,687.0,152.0
481,669.0,150.0
482,673.0,150.0
483,676.0,155.0
484,681.0,150.0
485,687.0,147.0
486,697.0,147.0
487,687.0,145.0
488,695.0,149.0
489,700.0,157.0
490,687.0,153.0
491,687.0,156.0
492,696.0,151.0
493,674.0,151.0
494,668.0,153.0
495,673.0,155.0
496,665.0,153.0
497,667.0,153.0
498,673.0,147.0
499,669.0,151.0
500,669.0,151.0
501,671.0,150.0
502,666.0,151.0
503,660.0,151.0
504,662.0,141.0
505,659.0,143.0
506,647.0,149.0
507,667.0,151.0
508,661.0,148.0
509,649.0,146.0
510,657.0,149.0
511,655.0,147.0
512,654.0,147.0
513,659.0,149.0
514,652.0,151.0
515,666.0,150.0
516,672.0,147.0
517,679.0,150.0
518,666.0,152.0
519,676.0,150.0
520,682.0,150.0
521,681.0,152.0
522,671.0,150.0
523,676.0,151.0
524,674.0,145.0
525,680.0,143.0
526,686.0,142.0
527,681.0,141.0
528,681.0,142.0
529,695.0,145.0
530,686.0,143.0
531,680.0,142.0
532,671.0,149.0
533,663.0,141.0
534,679.0,145.0
535,673.0,144.0
536,683.0,147.0
537,674.0,150.0
538,691.0,147.0
539,688.0,143.0
540,689.0,144.0
541,678.0,148.0
542,683.0,152.0
543,685.0,150.0
544,705.0,148.0
545,691.0,149.0
546,702.0,148.0
547,695.0,143.0
548,689.0,146.0
549,668.0,147.0
550,681.0,146.0
551,667.0,143.0
552,673.0,141.0
553,674.0,147.0
554,674.0,147.0
555,676.0,147.0
556,676.0,139.0
557,680.0,140.0
558,682.0,142.0
559,673.0,145.0
560,678.0,142.0
561,681.0,146.0
562,678.0,140.0
563,681.0,141.0
564,690.0,141.0
565,678.0,136.0
566,672.0,137.0
567,667.0,139.0
568,671.0,137.0
569,682.0,141.0
570,682.0,142.0
571,679.0,143.0
572,672.0,142.0
573,672.0,143.0
574,672.0,142.0
575,675.0,137.0
576,677.0,143.0
577,679.0,136.0
578,694.0,134.0
579,688.0,130.0
580,698.0,132.0
581,694.0,133.0
582,692.0,133.0
583,676.0,137.0
584,684.0,139.0
585,692.0,137.0
586,696.0,135.0
587,699.0,132.0
588,691.0,133.0
589,687.0,138.0
590,685.0,135.0
591,682.0,135.0
592,687.0,130.0
593,706.0,133.0
594,698.0,133.0
595,701.0,131.0
596,700.0,131.0
597,707.0,131.0
598,697.0,132.0
599,697.0,134.0
600,709.0,136.0
601,725.0,135.0
602,712.0,133.0
603,717.0,127.0
604,721.0,128.0
605,715.0,129.0
606,712.0,131.0
607,704.0,130.0
608,702.0,129.0
609,710.0,130.0
610,712.0,133.0
611,709.0,128.0
612,712.0,125.0
613,717.0,119.0
614,714.0,124.0
615,728.0,125.0
616,722.0,127.0
617,724.0,121.0
618,727.0,120.0
619,733.0,124.0
620,735.0,126.0
621,735.0,126.0
622,735.0,129.0
623,737.0,129.0
624,731.0,128.0
625,728.0,127.0
626,740.0,134.0
627,740.0,130.0
628,737.0,126.0
629,727.0,130.0
630,734.0,131.0
631,743.0,131.0
632,725.0,129.0
633,724.0,131.0
634,723.0,130.0
635,722.0,131.0
636,733.0,130.0
637,722.0,124.0
638,725.0,122.0
639,722.0,123.0
640,725.0,119.0
641,725.0,124.0
642,735.0,120.0
643,738.0,118.0
644,727.0,119.0
645,739.0,119.0
646,733.0,120.0
647,741.0,121.0
648,744.0,122.0
649,722.0,120.0
650,718.0,120.0
651,731.0,119.0
652,712.0,118.0
653,689.0,119.0
654,708.0,114.0
655,713.0,114.0
656,701.0,120.0
657,693.0,120.0
658,713.0,120.0
659,719.0,119.0
660,716.0,120.0
661,710.0,119.0
662,713.0,116.0
663,712.0,120.0
664,705.0,117.0
665,717.0,112.0
666,718.0,112.0
667,726.0,112.0
668,732.0,113.0
669,724.0,113.0
670,718.0,109.0
671,715.0,107.0
672,715.0,114.0
673,710.0,110.0
674,705.0,109.0
675,707.0,114.0
676,714.0,112.0
677,711.0,112.0
678,719.0,117.0
679,708.0,117.0
680,713.0,116.0
681,705.0,110.0
682,711.0,113.0
683,710.0,114.0
684,716.0,111.0
685,704.0,109.0
686,704.0,108.0
687,715.0,107.0
688,718.0,107.0
689,716.0,108.0
690,720.0,108.0
691,720.0,107.0
692,722.0,106.0
693,721.0,103.0
694,724.0,102.0
695,730.0,106.0
696,724.0,105.0
697,726.0,105.0
698,716.0,105.0
699,706.0,102.0
700,720.0,106.0
701,724.0,103.0
702,720.0,109.0
703,722.0,103.0
704,714.0,105.0
705,711.0,104.0
706,707.0,102.0
707,724.0,102.0
708,718.0,105.0
709,718.0,108.0
710,717.0,105.0
711,722.0,102.0
712,711.0,102.0
713,718.0,103.0
714,722.0,103.0
715,707.0,101.0
716,714.0,105.0
717,721.0,98.0
718,719.0,99.0
719,725.0,102.0
720,728.0,97.0
721,721.0,102.0
722,714.0,95.0
723,710.0,93.0
724,711.0,95.0
725,716.0,99.0
726,722.0,98.0
727,734.0,95.0
728,731.0,93.0
729,729.0,99.0
730,723.0,94.0
731,708.0,95.0
732,716.0,100.0
733,712.0,97.0
734,713.0,95.0
735,722.0,94.0
736,729.0,95.0
737,718.0,94.0
738,716.0,91.0
739,724.0,91.0
740,730.0,93.0
741,734.0,93.0
742,731.0,92.0
743,747.0,95.0
744,728.0,96.0
745,725.0,93.0
746,727.0,90.0
747,728.0,90.0
748,730.0,91.0
749,735.0,89.0
750,727.0,91.0
751,740.0,89.0
752,739.0,89.0
753,742.0,92.0
754,743.0,92.0
755,743.0,93.0
756,731.0,89.0
757,731.0,91.0
758,729.0,90.0
759,724.0,93.0
760,740.0,92.0
761,743.0,92.0
762,749.0,86.0
763,762.0,84.0
764,737.0,84.0
765,723.0,91.0
766,732.0,87.0
767,738.0,85.0
768,728.0,87.0
769,722.0,89.0
770,737.0,84.0
771,722.0,81.0
772,720.0,85.0
773,728.0,85.0
774,735.0,80.0
775,725.0,81.0
776,722.0,87.0
777,719.0,87.0
778,732.0,88.0
779,729.0,89.0
780,715.0,89.0
781,714.0,88.0
782,717.0,82.0
783,717.0,82.0
784,716.0,79.0
785,729.0,83.0
786,716.0,80.0
787,732.0,76.0
788,719.0,74.0
789,721.0,79.0
790,725.0,79.0
791,733.0,82.0
792,719.0,80.0
793,720.0,80.0
794,743.0,80.0
795,727.0,84.0
796,718.0,82.0
797,716.0,85.0
798,720.0,84.0
799,731.0,83.0
800,708.0,79.0
801,708.0,83.0
802,711.0,75.0
803,702.0,77.0
804,719.0,73.0
805,705.0,75.0
806,717.0,77.0
807,717.0,78.0
808,723.0,79.0
809,717.0,80.0
810,718.0,81.0
811,711.0,80.0
812,703.0,84.0
813,715.0,84.0
814,733.0,83.0
815,738.0,79.0
816,721.0,77.0
817,720.0,81.0
818,722.0,81.0
819,730.0,81.0
820,724.0,87.0
821,727.0,84.0
822,728.0,83.0
823,726.0,83.0
824,718.0,79.0
825,720.0,83.0
826,706.0,86.0
827,724.0,87.0
828,720.0,90.0
829,721.0,86.0
830,708.0,85.0
831,713.0,87.0
832,709.0,82.0
833,725.0,84.0
834,723.0,83.0
835,725.0,81.0
836,735.0,83.0
837,734.0,83.0
838,740.0,80.0
839,751.0,83.0
840,750.0,82.0
841,762.0,83.0
842,752.0,82.0
843,761.0,82.0
844,744.0,81.0
845,757.0,84.0
846,754.0,91.0
847,760.0,93.0
848,754.0,90.0
849,759.0,90.0
850,756.0,89.0
851,762.0,89.0
852,757.0,89.0
853,745.0,87.0
854,753.0,89.0
855,755.0,86.0
856,748.0,86.0
857,741.0,83.0
858,740.0,85.0
859,736.0,87.0
860,752.0,87.0
861,755.0,88.0
862,747.0,85.0
863,753.0,82.0
864,742.0,85.0
865,749.0,80.0
866,749.0,80.0
867,748.0,81.0
868,745.0,83.0
869,739.0,80.0
870,731.0,82.0
871,734.0,79.0
872,728.0,77.0
873,715.0,75.0
874,719.0,75.0
875,720.0,74.0
876,722.0,76.0
877,710.0,74.0
878,716.0,76.0
879,718.0,75.0
880,714.0,75.0
881,720.0,77.0
882,727.0,73.0
883,729.0,77.0
884,717.0,75.0
885,726.0,77.0
886,719.0,81.0
887,733.0,78.0
888,726.0,80.0
889,708.0,78.0
890,718.0,80.0
891,717.0,80.0
892,719.0,77.0
893,715.0,83.0
894,727.0,80.0
895,733.0,77.0
896,724.0,79.0
897,727.0,77.0
898,730.0,80.0
899,734.0,78.0
900,721.0,79.0
901,733.0,79.0
902,734.0,79.0
903,729.0,80.0
904,729.0,80.0
905,736.0,73.0
906,738.0,69.0
907,739.0,74.0
908,737.0,72.0
909,739.0,70.0
910,721.0,71.0
911,716.0,72.0
912,730.0,73.0
913,711.0,70.0
914,724.0,72.0
915,732.0,70.0
916,716.0,69.0
917,718.0,68.0
918,726.0,68.0
919,722.0,65.0
920,721.0,71.0
921,728.0,67.0
922,729.0,67.0
923,740.0,68.0
924,729.0,66.0
925,714.0,66.0
926,710.0,67.0
927,714.0,69.0
928,718.0,65.0
929,718.0,69.0
930,719.0,72.0
931,719.0,69.0
932,721.0,70.0
933,715.0,70.0
934,712.0,73.0
935,710.0,68.0
936,699.0,66.0
937,704.0,72.0
938,701.0,67.0
939,718.0,73.0
940,707.0,67.0
941,727.0,60.0
942,731.0,67.0
943,734.0,68.0
944,719.0,64.0
945,739.0,65.0
946,718.0,63.0
947,729.0,64.0
948,727.0,70.0
949,717.0,65.0
950,723.0,62.0
951,717.0,61.0
952,715.0,60.0
953,719.0,62.0
954,706.0,64.0
955,710.0,60.0
956,711.0,60.0
957,709.0,57.0
958,715.0,58.0
959,707.0,57.0
960,712.0,58.0
961,707.0,59.0
962,710.0,57.0
963,723.0,55.0
964,719.0,55.0
965,722.0,56.0
966,718.0,57.0
967,708.0,60.0
968,704.0,62.0
969,724.0,64.0
970,723.0,62.0
971,721.0,59.0
972,724.0,62.0
973,720.0,59.0
974,724.0,57.0
975,720.0,54.0
976,717.0,55.0
977,717.0,58.0
978,712.0,62.0
979,722.0,64.0
980,719.0,64.0
981,724.0,63.0
982,718.0,61.0
983,734.0,59.0
984,740.0,62.0
985,737.0,58.0
986,742.0,57.0
987,742.0,57.0
988,746.0,55.0
989,738.0,60.0
990,749.0,57.0
991,744.0,59.0
992,744.0,58.0
993,727.0,61.0
994,729.0,59.0
995,749.0,59.0
996,740.0,60.0
997,744.0,64.0
998,755.0,64.0
999,751.0,66.0
1000,753.0,63.0
1001,751.0,59.0
1002,742.0,61.0
1003,750.0,64.0
1004,735.0,56.0
1005,743.0,56.0
1006,731.0,54.0
1007,737.0,58.0
1008,740.0,55.0
1009,741.0,57.0
1010,743.0,56.0
1011,753.0,57.0
1012,720.0,59.0
1013,730.0,59.0
1014,733.0,61.0
1015,731.0,58.0
1016,736.0,62.0
1017,728.0,60.0
1018,715.0,61.0
1019,711.0,62.0
1020,715.0,59.0
1021,718.0,55.0
1022,718.0,56.0
1023,723.0,57.0
1024,729.0,59.0
1025,725.0,62.0
1026,732.0,62.0
1027,714.0,60.0
1028,723.0,59.0
1029,730.0,56.0
1030,730.0,57.0
1031,731.0,56.0
1032,728.0,57.0
1033,740.0,59.0
1034,737.0,60.0
1035,735.0,56.0
1036,756.0,57.0
1037,757.0,56.0
1038,749.0,54.0
1039,744.0,56.0
1040,749.0,54.0
1041,748.0,52.0
1042,746.0,54.0
1043,747.0,55.0
1044,740.0,54.0
1045,744.0,56.0
1046,753.0,56.0
1047,747.0,56.0
1048,756.0,57.0
1049,743.0,56.0
1050,738.0,56.0
1051,754.0,55.0
1052,743.0,57.0
1053,732.0,58.0
1054,737.0,57.0
1055,726.0,56.0
1056,734.0,56.0
1057,737.0,55.0
1058,734.0,53.0
1059,728.0,53.0
1060,727.0,56.0
1061,726.0,53.0
1062,734.0,54.0
1063,737.0,54.0
1064,727.0,52.0
1065,745.0,54.0
1066,742.0,54.0
1067,730.0,51.0
1068,728.0,52.0
1069,716.0,55.0
1070,710.0,54.0
1071,720.0,54.0
1072,724.0,51.0
1073,736.0,52.0
1074,739.0,52.0
1075,735.0,50.0
1076,731.0,51.0
1077,735.0,51.0
1078,738.0,52.0
1079,733.0,48.0
1080,735.0,49.0
1081,738.0,49.0
1082,737.0,52.0
1083,742.0,49.0
1084,749.0,50.0
1085,760.0,53.0
1086,745.0,55.0
1087,749.0,53.0
1088,755.0,53.0
1089,753.0,52.0
1090,755.0,53.0
1091,765.0,53.0
1092,760.0,50.0
1093,763.0,54.0
1094,764.0,54.0
1095,770.0,50.0
1096,758.0,51.0
1097,767.0,51.0
1098,766.0,51.0
1099,764.0,51.0
1100,759.0,49.0
1101,762.0,52.0
1102,761.0,52.0
1103,766.0,50.0
1104,760.0,52.0
1105,761.0,49.0
1106,757.0,48.0
1107,750.0,47.0
1108,756.0,47.0
1109,745.0,48.0
1110,756.0,49.0
1111,752.0,48.0
1112,740.0,48.0
1113,755.0,47.0
1114,757.0,49.0
1115,755.0,51.0
1116,747.0,53.0
1117,754.0,53.0
1118,749.0,54.0
1119,749.0,51.0
1120,766.0,52.0
1121,761.0,51.0
1122,779.0,46.0
1123,772.0,48.0
1124,772.0,47.0
1125,766.0,47.0
1126,774.0,50.0
1127,776.0,49.0
1128,782.0,50.0
1129,772.0,49.0
1130,778.0,49.0
1131,780.0,48.0
1132,782.0,49.0
1133,782.0,47.0
1134,775.0,46.0
1135,788.0,48.0
1136,792.0,45.0
1137,796.0,44.0
1138,777.0,43.0
1139,788.0,47.0
1140,788.0,46.0
1141,792.0,46.0
1142,785.0,48.0
1143,784.0,46.0
1144,789.0,46.0
1145,791.0,44.0
1146,792.0,43.0
1147,793.0,43.0
1148,809.0,48.0
1149,826.0,47.0
1150,823.0,46.0
1151,815.0,47.0
1152,817.0,49.0
1153,795.0,47.0
1154,795.0,49.0
1155,803.0,49.0
1156,809.0,52.0
1157,821.0,51.0
1158,808.0,51.0
1159,802.0,50.0
1160,790.0,50.0
1161,786.0,52.0
1162,794.0,50.0
1163,794.0,51.0
1164,799.0,50.0
1165,806.0,52.0
1166,808.0,51.0
1167,792.0,53.0
1168,802.0,51.0
1169,799.0,50.0
1170,804.0,54.0
1171,800.0,56.0
1172,818.0,54.0
1173,812.0,54.0
1174,805.0,51.0
1175,798.0,54.0
1176,803.0,52.0
1177,801.0,51.0
1178,804.0,51.0
1179,807.0,52.0
1180,801.0,53.0
1181,810.0,51.0
1182,812.0,51.0
1183,816.0,51.0
1184,807.0,52.0
1185,811.0,52.0
1186,812.0,50.0
1187,814.0,49.0
1188,808.0,54.0
1189,818.0,52.0
1190,811.0,53.0
1191,817.0,53.0
1192,804.0,55.0
1193,807.0,55.0
1194,813.0,54.0
1195,818.0,58.0
1196,815.0,55.0
1197,816.0,52.0
1198,822.0,52.0
1199,813.0,54.0
1200,823.0,50.0
1201,828.0,50.0
1202,838.0,49.0
1203,827.0,50.0
1204,835.0,49.0
1205,843.0,48.0
1206,839.0,50.0
1207,828.0,49.0
1208,821.0,44.0
1209,825.0,49.0
1210,822.0,49.0
1211,817.0,47.0
1212,825.0,47.0
1213,816.0,47.0
1214,815.0,48.0
1215,806.0,46.0
1216,818.0,46.0
1217,824.0,45.0
1218,824.0,51.0
1219,822.0,48.0
1220,795.0,49.0
1221,789.0,48.0
1222,788.0,51.0
1223,802.0,50.0
1224,795.0,47.0
1225,782.0,47.0
1226,795.0,43.0
1227,797.0,50.0
1228,794.0,49.0
1229,798.0,53.0
1230,791.0,49.0
1231,788.0,51.0
1232,795.0,49.0
1233,796.0,49.0
1234,801.0,51.0
1235,792.0,48.0
1236,800.0,49.0
1237,802.0,50.0
1238,793.0,51.0
1239,786.0,50.0
1240,796.0,49.0
1241,801.0,50.0
1242,798.0,51.0
1243,799.0,47.0
1244,808.0,50.0
1245,816.0,46.0
1246,805.0,50.0
1247,802.0,50.0
1248,800.0,55.0
1249,797.0,53.0
1250,796.0,54.0
1251,809.0,52.0
1252,791.0,48.0
1253,792.0,50.0
1254,807.0,49.0
1255,801.0,48.0
1256,795.0,48.0
1257,800.0,47.0
1258,804.0,45.0
1259,806.0,45.0
1260,798.0,46.0
1261,801.0,46.0
1262,800.0,49.0
1263,786.0,45.0
1264,792.0,49.0
1265,789.0,46.0
1266,797.0,53.0
1267,812.0,53.0
1268,810.0,48.0
1269,803.0,50.0
1270,803.0,50.0
1271,823.0,52.0
1272,810.0,52.0
1273,811.0,51.0
1274,796.0,48.0
1275,806.0,49.0
1276,803.0,49.0
1277,795.0,46.0
1278,787.0,47.0
1279,769.0,49.0
1280,773.0,47.0
1281,771.0,45.0
1282,781.0,49.0
1283,782.0,51.0
1284,786.0,48.0
1285,784.0,49.0
1286,770.0,50.0
1287,772.0,48.0
1288,774.0,49.0
1289,785.0,46.0
1290,797.0,50.0
1291,788.0,50.0
1292,791.0,47.0
1293,803.0,49.0
1294,796.0,50.0
1295,807.0,51.0
1296,803.0,51.0
1297,803.0,50.0
1298,801.0,48.0
1299,800.0,51.0
1300,800.0,49.0
1301,800.0,52.0
1302,803.0,47.0
1303,804.0,49.0
1304,802.0,46.0
1305,796.0,45.0
1306,788.0,43.0
1307,802.0,44.0
1308,793.0,44.0
1309,791.0,43.0
1310,810.0,44.0
1311,820.0,43.0
1312,830.0,45.0
1313,818.0,45.0
1314,808.0,44.0
1315,806.0,43.0
1316,811.0,43.0
1317,808.0,43.0
1318,793.0,42.0
1319,795.0,43.0
1320,796.0,44.0
1321,791.0,43.0
1322,791.0,44.0
1323,791.0,44.0
1324,789.0,46.0
1325,793.0,45.0
1326,784.0,43.0
1327,774.0,45.0
1328,786.0,46.0
1329,787.0,46.0
1330,777.0,47.0
1331,769.0,45.0
1332,776.0,47.0
1333,795.0,44.0
1334,799.0,48.0
1335,802.0,46.0
1336,794.0,47.0
1337,794.0,46.0
1338,790.0,44.0
1339,786.0,46.0
1340,780.0,48.0
1341,776.0,48.0
1342,780.0,48.0
1343,786.0,49.0
1344,796.0,49.0
1345,789.0,45.0
1346,784.0,47.0
1347,781.0,48.0
1348,777.0,50.0
1349,770.0,52.0
1350,770.0,51.0
1351,776.0,49.0
1352,775.0,50.0
1353,773.0,51.0
1354,772.0,51.0
1355,778.0,50.0
1356,777.0,49.0
1357,795.0,48.0
1358,783.0,48.0
1359,780.0,45.0
1360,775.0,46.0
1361,776.0,45.0
1362,786.0,46.0
1363,798.0,43.0
1364,792.0,48.0
1365,780.0,47.0
1366,774.0,46.0
1367,776.0,43.0
1368,768.0,45.0
1369,774.0,46.0
1370,765.0,47.0
1371,765.0,49.0
1372,759.0,47.0
1373,754.0,48.0
1374,769.0,46.0
1375,761.0,45.0
1376,759.0,44.0
1377,760.0,44.0
1378,781.0,42.0
1379,768.0,42.0
1380,775.0,41.0
1381,799.0,40.0
1382,804.0,40.0
1383,795.0,44.0
1384,816.0,45.0
1385,809.0,44.0
1386,813.0,45.0
1387,808.0,46.0
1388,821.0,46.0
1389,807.0,43.0
1390,821.0,43.0
1391,831.0,43.0
1392,823.0,44.0
1393,815.0,46.0
1394,822.0,47.0
1395,823.0,44.0
1396,819.0,41.0
1397,817.0,39.0
1398,817.0,41.0
1399,813.0,39.0
1400,812.0,40.0
1401,823.0,40.0
1402,816.0,40.0
1403,826.0,42.0
1404,821.0,41.0
1405,816.0,44.0
1406,829.0,41.0
1407,817.0,41.0
1408,821.0,42.0
1409,818.0,43.0
1410,817.0,40.0
1411,819.0,44.0
1412,812.0,43.0
1413,807.0,44.0
1414,824.0,43.0
1415,809.0,43.0
1416,811.0,42.0
1417,803.0,41.0
1418,790.0,42.0
1419,799.0,43.0
1420,807.0,44.0
1421,817.0,44.0
1422,824.0,43.0
1423,816.0,44.0
1424,826.0,45.0
1425,828.0,42.0
1426,811.0,41.0
1427,806.0,42.0
1428,804.0,44.0
1429,806.0,43.0
1430,805.0,43.0
1431,805.0,41.0
1432,803.0,40.0
1433,807.0,40.0
1434,797.0,43.0
1435,802.0,41.0
1436,808.0,41.0
1437,815.0,43.0
1438,813.0,43.0
1439,821.0,41.0
1440,805.0,38.0
1441,811.0,37.0
1442,812.0,40.0
1443,816.0,42.0
1444,807.0,42.0
1445,810.0,40.0
1446,807.0,40.0
1447,812.0,40.0
1448,812.0,40.0
1449,817.0,41.0
1450,805.0,44.0
1451,823.0,41.0
1452,822.0,40.0
1453,821.0,43.0
1454,821.0,42.0
1455,823.0,41.0
1456,829.0,42.0
1457,809.0,42.0
1458,816.0,39.0
1459,826.0,40.0
1460,822.0,40.0
1461,825.0,42.0
1462,822.0,41.0
1463,814.0,43.0
1464,823.0,43.0
1465,830.0,44.0
1466,818.0,40.0
1467,815.0,42.0
1468,804.0,40.0
1469,810.0,40.0
1470,814.0,43.0
1471,809.0,40.0
1472,814.0,39.0
1473,810.0,37.0
1474,812.0,40.0
1475,810.0,40.0
1476,805.0,38.0
1477,804.0,42.0
1478,813.0,40.0
1479,812.0,41.0
1480,812.0,40.0
1481,816.0,38.0
1482,805.0,38.0
1483,805.0,35.0
1484,812.0,38.0
1485,795.0,40.0
1486,799.0,39.0
1487,799.0,40.0
1488,803.0,41.0
1489,799.0,39.0
1490,801.0,40.0
1491,781.0,38.0
1492,791.0,40.0
1493,790.0,38.0
1494,788.0,40.0
1495,779.0,36.0
1496,789.0,38.0
1497,782.0,38.0
1498,793.0,36.0
1499,801.0,38.0
1500,807.0,37.0
1501,791.0,33.0
1502,787.0,32.0
1503,781.0,32.0
1504,798.0,35.0
1505,794.0,33.0
1506,794.0,33.0
1507,800.0,36.0
1508,803.0,36.0
1509,796.0,37.0
1510,784.0,36.0
1511,786.0,34.0
1512,771.0,33.0
1513,764.0,35.0
1514,761.0,37.0
1515,754.0,37.0
1516,763.0,34.0
1517,771.0,34.0
1518,773.0,34.0
1519,774.0,34.0
1520,788.0,34.0
1521,787.0,31.0
1522,778.0,34.0
1523,785.0,33.0
1524,779.0,33.0
1525,783.0,35.0
1526,787.0,33.0
1527,781.0,35.0
1528,780.0,33.0
1529,783.0,33.0
1530,787.0,33.0
1531,782.0,34.0
1532,781.0,37.0
1533,781.0,39.0
1534,778.0,34.0
1535,777.0,38.0
1536,798.0,33.0
1537,779.0,34.0
1538,790.0,35.0
1539,791.0,33.0
1540,799.0,36.0
1541,788.0,35.0
1542,793.0,36.0
1543,790.0,36.0
1544,782.0,35.0
1545,782.0,36.0
1546,793.0,36.0
1547,796.0,34.0
1548,792.0,38.0
1549,788.0,36.0
1550,803.0,37.0
1551,797.0,37.0
1552,790.0,38.0
1553,797.0,35.0
1554,791.0,34.0
1555,792.0,34.0
1556,793.0,29.0
1557,802.0,34.0
1558,810.0,32.0
1559,797.0,30.0
1560,806.0,32.0
1561,813.0,34.0
1562,812.0,37.0
1563,827.0,37.0
1564,815.0,34.0
1565,819.0,33.0
1566,818.0,34.0
1567,800.0,36.0
1568,811.0,35.0
1569,806.0,35.0
1570,809.0,33.0
1571,819.0,35.0
1572,809.0,34.0
1573,803.0,37.0
1574,809.0,33.0
1575,810.0,33.0
1576,798.0,33.0
1577,814.0,32.0
1578,808.0,33.0
1579,813.0,34.0
1580,815.0,31.0
1581,817.0,36.0
1582,816.0,38.0
1583,825.0,38.0
1584,814.0,39.0
1585,812.0,36.0
1586,813.0,37.0
1587,822.0,39.0
1588,811.0,41.0
1589,803.0,40.0
1590,798.0,40.0
1591,809.0,41.0
1592,814.0,40.0
1593,815.0,35.0
1594,825.0,38.0
1595,832.0,37.0
1596,813.0,36.0
1597,813.0,34.0
1598,820.0,35.0
1599,810.0,36.0
1600,813.0,36.0
1601,814.0,37.0
1602,823.0,38.0
1603,810.0,37.0
1604,801.0,39.0
1605,808.0,39.0
1606,803.0,38.0
1607,798.0,38.0
1608,798.0,39.0
1609,789.0,39.0
1610,801.0,39.0
1611,790.0,40.0
1612,797.0,38.0
1613,791.0,39.0
1614,784.0,40.0
1615,797.0,40.0
1616,793.0,39.0
1617,793.0,37.0
1618,791.0,36.0
1619,791.0,38.0
1620,792.0,40.0
1621,793.0,40.0
1622,788.0,41.0
1623,771.0,37.0
1624,783.0,38.0
1625,803.0,40.0
1626,811.0,38.0
1627,798.0,37.0
1628,799.0,36.0
1629,787.0,36.0
1630,786.0,35.0
1631,802.0,37.0
1632,794.0,36.0
1633,791.0,31.0
1634,793.0,32.0
1635,789.0,32.0
1636,804.0,30.0
1637,802.0,33.0
1638,803.0,31.0
1639,794.0,29.0
1640,772.0,29.0
1641,765.0,30.0
1642,771.0,30.0
1643,770.0,29.0
1644,773.0,29.0
1645,769.0,31.0
1646,761.0,32.0
1647,764.0,32.0
1648,775.0,38.0
1649,774.0,39.0
1650,769.0,37.0
1651,770.0,36.0
1652,766.0,37.0
1653,771.0,37.0
1654,770.0,37.0
1655,774.0,36.0
1656,775.0,34.0
1657,758.0,36.0
1658,764.0,35.0
1659,756.0,35.0
1660,760.0,36.0
1661,756.0,36.0
1662,756.0,37.0
1663,749.0,35.0
1664,749.0,34.0
1665,756.0,36.0
1666,746.0,36.0
1667,746.0,35.0
1668,764.0,36.0
1669,757.0,35.0
1670,758.0,36.0
1671,743.0,38.0
1672,742.0,36.0
1673,758.0,34.0
1674,747.0,36.0
1675,758.0,36.0
1676,755.0,37.0
1677,753.0,36.0
1678,752.0,35.0
1679,755.0,37.0
1680,753.0,38.0
1681,762.0,39.0
1682,747.0,38.0
1683,756.0,39.0
1684,743.0,41.0
1685,758.0,41.0
1686,772.0,42.0
1687,759.0,41.0
1688,771.0,38.0
1689,767.0,38.0
1690,766.0,37.0
1691,780.0,38.0
1692,766.0,40.0
1693,782.0,39.0
1694,784.0,38.0
1695,774.0,35.0
1696,766.0,35.0
1697,765.0,35.0
1698,766.0,33.0
1699,765.0,35.0
1700,766.0,35.0
1701,754.0,36.0
1702,767.0,36.0
1703,777.0,37.0
1704,761.0,38.0
1705,764.0,39.0
1706,758.0,37.0
1707,750.0,38.0
1708,755.0,39.0
1709,756.0,39.0
1710,767.0,35.0
1711,774.0,34.0
1712,771.0,36.0
1713,765.0,36.0
1714,762.0,40.0
1715,757.0,40.0
1716,762.0,37.0
1717,761.0,37.0
1718,756.0,36.0
1719,748.0,37.0
1720,752.0,39.0
1721,750.0,39.0
1722,754.0,41.0
1723,761.0,41.0
1724,757.0,38.0
1725,759.0,40.0
1726,748.0,40.0
1727,744.0,37.0
1728,743.0,38.0
1729,743.0,38.0
1730,749.0,40.0
1731,741.0,41.0
1732,743.0,43.0
1733,739.0,45.0
1734,739.0,44.0
1735,755.0,42.0
1736,765.0,45.0
1737,757.0,46.0
1738,758.0,43.0
1739,756.0,43.0
1740,748.0,42.0
1741,771.0,41.0
1742,761.0,41.0
1743,750.0,40.0
1744,748.0,38.0
1745,745.0,39.0
1746,745.0,39.0
1747,761.0,37.0
1748,754.0,38.0
1749,750.0,39.0
1750,746.0,39.0
1751,760.0,37.0
1752,752.0,38.0
1753,740.0,39.0
1754,762.0,39.0
1755,764.0,39.0
1756,748.0,38.0
1757,775.0,39.0
1758,765.0,37.0
1759,779.0,37.0
1760,775.0,37.0
1761,782.0,41.0
1762,777.0,38.0
1763,766.0,39.0
1764,778.0,36.0
1765,780.0,37.0
1766,787.0,38.0
1767,771.0,40.0
1768,774.0,37.0
1769,767.0,40.0
1770,768.0,37.0
1771,774.0,37.0
1772,760.0,35.0
1773,766.0,35.0
1774,760.0,36.0
1775,762.0,37.0
1776,752.0,35.0
1777,749.0,33.0
1778,754.0,34.0
1779,751.0,34.0
1780,755.0,35.0
1781,768.0,37.0
1782,776.0,34.0
1783,765.0,34.0
1784,758.0,33.0
1785,756.0,34.0
1786,765.0,36.0
1787,763.0,36.0
1788,769.0,35.0
1789,785.0,36.0
1790,794.0,37.0
1791,791.0,35.0
1792,786.0,37.0
1793,783.0,37.0
1794,768.0,40.0
1795,764.0,37.0
1796,768.0,37.0
1797,783.0,38.0
1798,779.0,37.0
1799,759.0,35.0
1800,754.0,33.0
1801,757.0,35.0
1802,756.0,37.0
1803,755.0,38.0
1804,749.0,38.0
1805,759.0,37.0
1806,742.0,37.0
1807,743.0,34.0
1808,747.0,33.0
1809,744.0,32.0
1810,747.0,33.0
1811,743.0,33.0
1812,741.0,32.0
1813,746.0,35.0
1814,743.0,36.0
1815,747.0,32.0
1816,750.0,32.0
1817,760.0,31.0
1818,745.0,35.0
1819,757.0,35.0
1820,758.0,33.0
1821,751.0,31.0
1822,749.0,29.0
1823,755.0,28.0
1824,761.0,27.0
1825,752.0,28.0
1826,765.0,30.0
1827,772.0,27.0
1828,757.0,24.0
1829,756.0,29.0
1830,751.0,29.0
1831,756.0,25.0
1832,754.0,29.0
1833,748.0,27.0
1834,760.0,28.0
1835,762.0,28.0
1836,762.0,30.0
1837,767.0,27.0
1838,773.0,28.0
1839,779.0,28.0
1840,771.0,29.0
1841,762.0,28.0
1842,754.0,29.0
1843,747.0,27.0
1844,746.0,28.0
1845,770.0,27.0
1846,764.0,28.0
1847,756.0,29.0
1848,771.0,27.0
1849,768.0,30.0
1850,772.0,29.0
1851,765.0,31.0
1852,774.0,31.0
1853,784.0,34.0
1854,771.0,34.0
1855,771.0,35.0
1856,757.0,31.0
1857,768.0,31.0
1858,772.0,30.0
1859,784.0,32.0
1860,782.0,33.0
1861,772.0,35.0
1862,769.0,33.0
1863,771.0,35.0
1864,766.0,36.0
1865,766.0,31.0
1866,760.0,34.0
1867,768.0,34.0
1868,763.0,32.0
1869,756.0,35.0
1870,746.0,34.0
1871,760.0,30.0
1872,763.0,33.0
1873,769.0,34.0
1874,773.0,34.0
1875,779.0,34.0
1876,762.0,35.0
1877,781.0,35.0
1878,788.0,34.0
1879,784.0,35.0
1880,769.0,36.0
1881,775.0,38.0
1882,768.0,37.0
1883,761.0,37.0
1884,780.0,36.0
1885,770.0,37.0
1886,769.0,38.0
1887,757.0,38.0
1888,771.0,37.0
1889,776.0,35.0
1890,783.0,34.0
1891,767.0,34.0
1892,772.0,34.0
1893,773.0,35.0
1894,766.0,36.0
1895,773.0,38.0
1896,750.0,37.0
1897,747.0,37.0
1898,747.0,39.0
1899,745.0,38.0
1900,736.0,38.0
1901,738.0,36.0
1902,730.0,37.0
1903,735.0,38.0
1904,739.0,39.0
1905,735.0,40.0
1906,738.0,41.0
1907,745.0,42.0
1908,745.0,43.0
1909,740.0,43.0
1910,756.0,43.0
1911,741.0,42.0
1912,731.0,43.0
1913,727.0,45.0
1914,731.0,45.0
1915,748.0,42.0
1916,748.0,42.0
1917,756.0,44.0
1918,750.0,45.0
1919,762.0,43.0
1920,748.0,40.0
1921,740.0,43.0
1922,748.0,43.0
1923,752.0,41.0
1924,744.0,40.0
1925,749.0,41.0
1926,755.0,38.0
1927,757.0,40.0
1928,762.0,40.0
1929,762.0,37.0
1930,777.0,38.0
1931,765.0,38.0
1932,757.0,39.0
1933,771.0,36.0
1934,761.0,36.0
1935,736.0,36.0
1936,761.0,38.0
1937,752.0,40.0
1938,742.0,38.0
1939,748.0,39.0
1940,746.0,39.0
1941,755.0,40.0
1942,763.0,38.0
1943,766.0,37.0
1944,772.0,37.0
1945,780.0,38.0
1946,777.0,37.0
1947,775.0,37.0
1948,761.0,39.0
1949,769.0,34.0
1950,774.0,37.0
1951,782.0,32.0
1952,781.0,38.0
1953,789.0,38.0
1954,786.0,41.0
1955,779.0,37.0
1956,773.0,37.0
1957,786.0,37.0
1958,776.0,39.0
1959,772.0,37.0
1960,771.0,36.0
1961,766.0,35.0
1962,767.0,35.0
1963,761.0,33.0
1964,774.0,34.0
1965,777.0,35.0
1966,771.0,35.0
1967,762.0,35.0
1968,760.0,37.0
1969,758.0,37.0
1970,764.0,35.0
1971,754.0,34.0
1972,738.0,33.0
1973,734.0,33.0
1974,757.0,34.0
1975,751.0,34.0
1976,760.0,34.0
1977,753.0,34.0
1978,759.0,34.0
1979,756.0,31.0
1980,756.0,31.0
1981,757.0,34.0
1982,761.0,36.0
1983,749.0,39.0
1984,753.0,37.0
1985,752.0,39.0
1986,747.0,38.0
1987,745.0,37.0
1988,740.0,36.0
1989,743.0,34.0
1990,730.0,40.0
1991,727.0,36.0
1992,725.0,37.0
1993,737.0,39.0
1994,751.0,38.0
1995,742.0,35.0
1996,723.0,36.0
1997,725.0,37.0
1998,726.0,40.0
1999,722.0,39.0
