,frap_region
0,[846   0]
1,[831  13]
2,[823  25]
3,[817  26]
4,[813  37]
5,[813  35]
6,[809  45]
7,[800  46]
8,[802  43]
9,[802  51]
10,[802  51]
11,[797  59]
12,[796  58]
13,[793  64]
14,[787  63]
15,[786  70]
16,[782  72]
17,[781  74]
18,[782  76]
19,[784  73]
20,[782  70]
21,[783  78]
22,[777  72]
23,[779  75]
24,[776  79]
25,[770  80]
26,[775  80]
27,[771  80]
28,[766  83]
29,[761  84]
30,[766  84]
31,[763  77]
32,[764  85]
33,[761  90]
34,[765  85]
35,[764  82]
36,[763  90]
37,[764  80]
38,[761  90]
39,[766  93]
40,[766  96]
41,[765  98]
42,[759  98]
43,[753 103]
44,[756 104]
45,[757 101]
46,[758 109]
47,[755 109]
48,[755 106]
49,[756 109]
50,[753 113]
51,[748 115]
52,[746 112]
53,[742 112]
54,[740 111]
55,[738 112]
56,[741 112]
57,[739 113]
58,[735 109]
59,[733 106]
60,[730 114]
61,[734 113]
62,[735 116]
63,[728 115]
64,[734 118]
65,[730 126]
66,[733 127]
67,[727 130]
68,[727 131]
69,[724 133]
70,[730 133]
71,[728 129]
72,[727 126]
73,[729 128]
74,[730 138]
75,[733 137]
76,[730 134]
77,[733 139]
78,[728 134]
79,[726 137]
80,[721 131]
81,[724 137]
82,[722 130]
83,[720 141]
84,[721 139]
85,[721 137]
86,[721 130]
87,[718 134]
88,[719 138]
89,[720 142]
90,[720 136]
91,[719 137]
92,[718 141]
93,[719 144]
94,[724 136]
95,[718 136]
96,[721 140]
97,[725 146]
98,[719 145]
99,[718 145]
100,[721 151]
101,[719 153]
102,[709 154]
103,[710 159]
104,[717 157]
105,[711 154]
106,[707 161]
107,[711 162]
108,[708 163]
109,[710 166]
110,[705 168]
111,[704 176]
112,[704 172]
113,[694 171]
114,[698 162]
115,[699 168]
116,[696 166]
117,[698 167]
118,[697 171]
119,[696 169]
120,[701 169]
121,[701 176]
122,[709 174]
123,[703 172]
124,[704 178]
125,[702 180]
126,[700 179]
127,[700 177]
128,[698 179]
129,[696 180]
130,[698 178]
131,[699 175]
132,[695 179]
133,[694 178]
134,[693 182]
135,[691 181]
136,[686 183]
137,[686 177]
138,[698 191]
139,[686 193]
140,[681 186]
141,[673 190]
142,[677 198]
143,[674 186]
144,[680 187]
145,[681 184]
146,[683 188]
147,[683 176]
148,[680 183]
149,[678 182]
150,[679 184]
151,[676 182]
152,[677 189]
153,[673 194]
154,[673 194]
155,[676 195]
156,[673 194]
157,[672 193]
158,[678 195]
159,[677 200]
160,[669 197]
161,[669 195]
162,[673 190]
163,[676 199]
164,[678 204]
165,[678 205]
166,[671 202]
167,[669 204]
168,[670 200]
169,[671 200]
170,[667 203]
171,[665 203]
172,[663 196]
173,[665 198]
174,[666 205]
175,[658 203]
176,[663 200]
177,[663 193]
178,[663 191]
179,[667 184]
180,[663 188]
181,[662 189]
182,[663 191]
183,[668 195]
184,[666 199]
185,[663 208]
186,[659 204]
187,[659 200]
188,[661 205]
189,[656 206]
190,[653 201]
191,[658 213]
192,[654 201]
193,[657 209]
194,[657 200]
195,[650 195]
196,[650 196]
197,[652 206]
198,[655 204]
199,[649 198]
200,[657 190]
201,[658 207]
202,[655 199]
203,[657 200]
204,[659 210]
205,[659 209]
206,[657 219]
207,[654 211]
208,[655 211]
209,[657 209]
210,[660 210]
211,[661 207]
212,[663 212]
213,[657 211]
214,[655 208]
215,[656 213]
216,[650 214]
217,[653 225]
218,[657 224]
219,[650 229]
220,[645 230]
221,[643 228]
222,[645 234]
223,[643 226]
224,[647 243]
225,[645 246]
226,[639 238]
227,[640 233]
228,[646 234]
229,[645 232]
230,[644 239]
231,[641 231]
232,[642 232]
233,[639 230]
234,[636 235]
235,[632 230]
236,[635 243]
237,[629 240]
238,[629 245]
239,[629 231]
240,[625 228]
241,[623 222]
242,[626 223]
243,[622 222]
244,[627 222]
245,[626 225]
246,[617 222]
247,[625 221]
248,[629 226]
249,[624 223]
250,[625 223]
251,[629 226]
252,[630 230]
253,[632 228]
254,[630 230]
255,[629 235]
256,[622 229]
257,[624 232]
258,[624 228]
259,[621 234]
260,[621 227]
261,[618 226]
262,[622 233]
263,[620 229]
264,[625 238]
265,[620 232]
266,[621 236]
267,[623 233]
268,[625 229]
269,[620 232]
270,[621 230]
271,[621 232]
272,[618 232]
273,[615 238]
274,[611 232]
275,[615 232]
276,[616 238]
277,[611 236]
278,[615 237]
279,[604 241]
280,[605 237]
281,[606 240]
282,[606 241]
283,[606 240]
284,[606 242]
285,[606 237]
286,[607 236]
287,[605 238]
288,[605 240]
289,[600 242]
290,[607 237]
291,[608 243]
292,[603 241]
293,[603 234]
294,[603 242]
295,[598 250]
296,[601 246]
297,[603 252]
298,[604 249]
299,[606 242]
300,[606 248]
301,[602 245]
302,[603 242]
303,[606 243]
304,[602 246]
305,[602 248]
306,[602 243]
307,[601 248]
308,[599 250]
309,[599 246]
310,[599 245]
311,[596 245]
312,[600 241]
313,[597 244]
314,[599 248]
315,[597 243]
316,[592 249]
317,[593 249]
318,[596 246]
319,[602 249]
320,[603 241]
321,[600 247]
322,[600 240]
323,[597 246]
324,[598 246]
325,[589 252]
326,[592 251]
327,[596 254]
328,[593 254]
329,[589 253]
330,[590 252]
331,[596 251]
332,[587 246]
333,[589 251]
334,[588 250]
335,[582 254]
336,[582 253]
337,[581 248]
338,[581 250]
339,[585 257]
340,[588 255]
341,[588 259]
342,[594 256]
343,[591 257]
344,[591 263]
345,[588 264]
346,[588 268]
347,[591 267]
348,[585 261]
349,[586 264]
350,[587 263]
351,[590 260]
352,[584 264]
353,[585 264]
354,[587 264]
355,[588 268]
356,[589 264]
357,[579 262]
358,[573 268]
359,[582 271]
360,[574 263]
361,[576 265]
362,[575 270]
363,[577 268]
364,[570 271]
365,[574 265]
366,[568 265]
367,[570 272]
368,[569 269]
369,[562 267]
370,[567 270]
371,[564 270]
372,[566 264]
373,[564 267]
374,[564 264]
375,[567 272]
376,[563 276]
377,[562 281]
378,[563 284]
379,[562 285]
380,[560 277]
381,[566 284]
382,[566 283]
383,[563 278]
384,[565 282]
385,[565 275]
386,[567 280]
387,[565 276]
388,[567 276]
389,[568 279]
390,[568 279]
391,[567 288]
392,[574 287]
393,[570 284]
394,[571 278]
395,[572 277]
396,[573 283]
397,[572 272]
398,[570 278]
399,[568 278]
400,[571 270]
401,[571 273]
402,[571 277]
403,[575 281]
404,[567 277]
405,[566 276]
406,[569 285]
407,[570 289]
408,[566 280]
409,[556 287]
410,[558 284]
411,[556 292]
412,[558 295]
413,[558 292]
414,[560 293]
415,[566 292]
416,[563 283]
417,[562 292]
418,[560 291]
419,[561 299]
420,[563 298]
421,[561 294]
422,[564 298]
423,[565 302]
424,[560 297]
425,[564 301]
426,[564 300]
427,[562 304]
428,[565 303]
429,[562 295]
430,[567 295]
431,[565 294]
432,[566 297]
433,[565 305]
434,[565 301]
435,[565 310]
436,[561 303]
437,[561 300]
438,[558 312]
439,[562 303]
440,[556 303]
441,[556 309]
442,[556 302]
443,[558 302]
444,[556 303]
445,[548 306]
446,[544 309]
447,[549 309]
448,[546 305]
449,[546 301]
450,[544 308]
451,[548 309]
452,[549 314]
453,[554 313]
454,[551 304]
455,[556 308]
456,[556 314]
457,[556 316]
458,[558 317]
459,[553 306]
460,[554 309]
461,[548 309]
462,[549 315]
463,[554 314]
464,[553 314]
465,[545 317]
466,[543 319]
467,[547 312]
468,[546 308]
469,[553 316]
470,[550 314]
471,[549 323]
472,[552 320]
473,[555 320]
474,[555 318]
475,[552 318]
476,[552 315]
477,[544 321]
478,[548 317]
479,[543 318]
480,[548 320]
481,[546 312]
482,[543 318]
483,[543 317]
484,[540 315]
485,[541 320]
486,[540 319]
487,[535 315]
488,[537 312]
489,[535 319]
490,[536 312]
491,[538 314]
492,[539 324]
493,[534 327]
494,[537 320]
495,[539 333]
496,[538 329]
497,[539 330]
498,[538 326]
499,[535 327]
500,[527 318]
501,[528 323]
502,[526 326]
503,[530 323]
504,[529 327]
505,[528 318]
506,[529 323]
507,[526 320]
508,[526 326]
509,[532 323]
510,[531 332]
511,[530 332]
512,[529 325]
513,[532 318]
514,[531 313]
515,[530 307]
516,[527 308]
517,[527 318]
518,[521 319]
519,[524 310]
520,[521 313]
521,[528 321]
522,[525 319]
523,[528 316]
524,[527 317]
525,[524 318]
526,[524 326]
527,[525 327]
528,[521 331]
529,[521 338]
530,[521 329]
531,[523 327]
532,[521 324]
533,[518 326]
534,[517 328]
535,[515 329]
536,[520 328]
537,[510 330]
538,[513 328]
539,[514 329]
540,[518 332]
541,[520 324]
542,[521 323]
543,[525 328]
544,[523 331]
545,[522 333]
546,[523 329]
547,[523 332]
548,[527 327]
549,[527 332]
550,[523 337]
551,[526 333]
552,[525 336]
553,[522 340]
554,[527 346]
555,[521 341]
556,[520 337]
557,[519 346]
558,[520 334]
559,[516 344]
560,[515 341]
561,[513 339]
562,[513 338]
563,[511 347]
564,[517 345]
565,[511 337]
566,[514 332]
567,[514 335]
568,[521 333]
569,[517 340]
570,[513 341]
571,[516 348]
572,[518 336]
573,[522 340]
574,[517 355]
575,[517 357]
576,[519 355]
577,[516 351]
578,[524 353]
579,[522 348]
580,[523 347]
581,[522 341]
582,[521 344]
583,[523 350]
584,[525 349]
585,[522 345]
586,[517 343]
587,[515 341]
588,[513 347]
589,[517 350]
590,[512 351]
591,[515 346]
592,[518 352]
593,[522 340]
594,[516 338]
595,[516 347]
596,[516 349]
597,[518 345]
598,[515 345]
599,[507 345]
600,[507 345]
601,[506 345]
602,[509 346]
603,[511 345]
604,[508 351]
605,[510 354]
606,[513 351]
607,[510 342]
608,[515 353]
609,[511 347]
610,[510 348]
611,[511 353]
612,[510 347]
613,[508 352]
614,[506 348]
615,[507 358]
616,[502 357]
617,[501 365]
618,[505 369]
619,[507 365]
620,[508 358]
621,[510 362]
622,[509 362]
623,[509 364]
624,[501 358]
625,[502 355]
626,[507 363]
627,[502 366]
628,[502 360]
629,[503 362]
630,[499 358]
631,[500 355]
632,[499 359]
633,[497 364]
634,[499 372]
635,[495 371]
636,[500 379]
637,[500 367]
638,[491 367]
639,[494 375]
640,[496 371]
641,[494 371]
642,[494 363]
643,[495 362]
644,[491 370]
645,[497 373]
646,[498 370]
647,[495 372]
648,[497 370]
649,[494 369]
650,[491 368]
651,[492 362]
652,[491 368]
653,[485 364]
654,[488 362]
655,[487 366]
656,[485 369]
657,[482 365]
658,[481 363]
659,[483 369]
660,[481 360]
661,[486 363]
662,[488 363]
663,[477 359]
664,[481 365]
665,[482 366]
666,[480 363]
667,[478 371]
668,[480 365]
669,[481 361]
670,[481 360]
671,[481 364]
672,[480 357]
673,[483 366]
674,[485 361]
675,[485 366]
676,[483 357]
677,[482 357]
678,[481 370]
679,[478 364]
680,[479 373]
681,[474 374]
682,[472 373]
683,[479 374]
684,[478 378]
685,[474 375]
686,[475 378]
687,[479 378]
688,[477 380]
689,[482 384]
690,[480 381]
691,[480 386]
692,[475 383]
693,[474 382]
694,[474 382]
695,[470 373]
696,[472 370]
697,[474 379]
698,[473 373]
699,[472 375]
700,[473 379]
701,[475 376]
702,[475 381]
703,[474 385]
704,[475 388]
705,[470 386]
706,[474 381]
707,[465 374]
708,[462 373]
709,[464 383]
710,[458 384]
711,[464 381]
712,[465 382]
713,[464 380]
714,[465 385]
715,[467 381]
716,[467 387]
717,[468 383]
718,[470 380]
719,[466 374]
720,[469 376]
721,[463 380]
722,[460 388]
723,[462 388]
724,[459 384]
725,[458 386]
726,[461 388]
727,[461 394]
728,[463 387]
729,[460 390]
730,[460 397]
731,[462 396]
732,[464 392]
733,[464 389]
734,[461 387]
735,[461 390]
736,[464 390]
737,[460 389]
738,[458 389]
739,[465 397]
740,[468 394]
741,[469 397]
742,[468 407]
743,[466 403]
744,[464 399]
745,[464 396]
746,[465 392]
747,[465 388]
748,[468 401]
749,[468 399]
750,[468 397]
751,[466 396]
752,[467 388]
753,[468 396]
754,[461 396]
755,[468 394]
756,[471 391]
757,[467 396]
758,[464 401]
759,[469 409]
760,[467 399]
761,[466 402]
762,[469 406]
763,[465 401]
764,[465 400]
765,[465 404]
766,[462 400]
767,[462 408]
768,[465 401]
769,[467 408]
770,[469 413]
771,[469 418]
772,[468 413]
773,[466 412]
774,[464 416]
775,[463 406]
776,[465 406]
777,[459 400]
778,[461 408]
779,[462 405]
780,[459 399]
781,[457 408]
782,[452 406]
783,[456 405]
784,[458 406]
785,[457 405]
786,[457 406]
787,[456 405]
788,[460 403]
789,[465 398]
790,[465 404]
791,[461 402]
792,[459 399]
793,[455 404]
794,[455 408]
795,[456 399]
796,[460 405]
797,[461 408]
798,[460 405]
799,[454 415]
800,[460 406]
801,[454 420]
802,[455 406]
803,[453 408]
804,[452 403]
805,[454 404]
806,[455 404]
807,[454 404]
808,[458 398]
809,[459 401]
810,[462 401]
811,[459 408]
812,[460 407]
813,[453 411]
814,[452 412]
815,[452 413]
816,[451 413]
817,[449 413]
818,[448 417]
819,[448 423]
820,[450 424]
821,[449 411]
822,[444 423]
823,[448 415]
824,[444 413]
825,[448 412]
826,[450 413]
827,[447 412]
828,[441 412]
829,[441 409]
830,[440 405]
831,[438 412]
832,[439 399]
833,[439 407]
834,[436 407]
835,[437 405]
836,[436 405]
837,[434 410]
838,[428 407]
839,[430 408]
840,[430 409]
841,[429 411]
842,[431 414]
843,[426 411]
844,[428 410]
845,[427 412]
846,[433 412]
847,[435 410]
848,[435 408]
849,[435 411]
850,[435 406]
851,[434 407]
852,[437 412]
853,[434 413]
854,[437 416]
855,[437 416]
856,[437 413]
857,[429 413]
858,[432 413]
859,[431 411]
860,[432 410]
861,[432 412]
862,[428 412]
863,[425 413]
864,[431 409]
865,[436 412]
866,[435 413]
867,[436 414]
868,[434 411]
869,[434 415]
870,[433 414]
871,[428 412]
872,[431 418]
873,[431 411]
874,[439 416]
875,[429 415]
876,[430 410]
877,[430 413]
878,[431 416]
879,[430 418]
880,[427 411]
881,[433 412]
882,[426 407]
883,[434 415]
884,[429 422]
885,[432 411]
886,[432 423]
887,[426 413]
888,[422 424]
889,[424 417]
890,[430 416]
891,[424 423]
892,[422 418]
893,[425 428]
894,[421 426]
895,[422 422]
896,[422 426]
897,[423 424]
898,[425 422]
899,[426 415]
900,[426 418]
901,[418 417]
902,[417 414]
903,[420 415]
904,[422 421]
905,[420 422]
906,[426 426]
907,[425 423]
908,[418 424]
909,[415 422]
910,[413 429]
911,[414 429]
912,[412 432]
913,[417 427]
914,[419 428]
915,[415 433]
916,[414 426]
917,[414 424]
918,[414 425]
919,[412 434]
920,[412 442]
921,[417 432]
922,[411 437]
923,[409 434]
924,[413 434]
925,[407 436]
926,[411 439]
927,[412 446]
928,[415 440]
929,[414 434]
930,[412 445]
931,[413 435]
932,[411 435]
933,[409 435]
934,[416 434]
935,[412 436]
936,[414 443]
937,[409 438]
938,[406 440]
939,[407 444]
940,[410 447]
941,[414 450]
942,[409 444]
943,[410 444]
944,[409 444]
945,[409 436]
946,[408 446]
947,[412 444]
948,[413 445]
949,[412 443]
950,[408 446]
951,[409 445]
952,[408 441]
953,[410 441]
954,[412 443]
955,[409 442]
956,[408 451]
957,[405 442]
958,[407 448]
959,[406 446]
960,[408 446]
961,[405 437]
962,[404 437]
963,[409 447]
964,[415 452]
965,[414 447]
966,[408 452]
967,[414 446]
968,[412 453]
969,[410 444]
970,[406 448]
971,[409 452]
972,[413 461]
973,[414 461]
974,[413 457]
975,[406 447]
976,[406 454]
977,[406 455]
978,[405 449]
979,[403 461]
980,[411 462]
981,[407 462]
982,[406 457]
983,[407 462]
984,[403 458]
985,[405 461]
986,[404 464]
987,[403 451]
988,[400 460]
989,[401 455]
990,[404 458]
991,[403 455]
992,[397 456]
993,[402 459]
994,[399 445]
995,[404 455]
996,[400 454]
997,[405 458]
998,[403 450]
999,[402 455]
1000,[402 447]
1001,[405 454]
1002,[404 447]
1003,[403 457]
1004,[404 451]
1005,[404 453]
1006,[400 450]
1007,[398 448]
1008,[397 447]
1009,[400 451]
1010,[397 448]
1011,[399 459]
1012,[400 460]
1013,[402 462]
1014,[402 466]
1015,[400 457]
1016,[401 458]
1017,[407 454]
1018,[406 457]
1019,[401 455]
1020,[403 457]
1021,[405 461]
1022,[400 461]
1023,[403 456]
1024,[404 468]
1025,[399 464]
1026,[399 462]
1027,[397 463]
1028,[396 461]
1029,[391 463]
1030,[393 462]
1031,[395 458]
1032,[398 461]
1033,[398 456]
1034,[400 459]
1035,[396 463]
1036,[395 457]
1037,[397 454]
1038,[401 461]
1039,[395 462]
1040,[391 458]
1041,[394 455]
1042,[390 454]
1043,[394 457]
1044,[395 458]
1045,[393 457]
1046,[390 459]
1047,[393 463]
1048,[387 455]
1049,[389 458]
1050,[387 459]
1051,[388 464]
1052,[386 464]
1053,[388 468]
1054,[393 466]
1055,[395 463]
1056,[394 463]
1057,[397 461]
1058,[395 467]
1059,[394 453]
1060,[392 453]
1061,[398 449]
1062,[395 457]
1063,[391 453]
1064,[392 457]
1065,[393 465]
1066,[390 463]
1067,[391 472]
1068,[393 469]
1069,[394 467]
1070,[393 467]
1071,[392 468]
1072,[392 474]
1073,[392 471]
1074,[391 469]
1075,[390 479]
1076,[391 476]
1077,[391 474]
1078,[388 476]
1079,[392 473]
1080,[393 478]
1081,[393 475]
1082,[392 473]
1083,[391 476]
1084,[390 473]
1085,[389 467]
1086,[391 467]
1087,[388 468]
1088,[385 462]
1089,[388 470]
1090,[385 466]
1091,[390 461]
1092,[396 465]
1093,[392 471]
1094,[392 468]
1095,[392 467]
1096,[395 470]
1097,[394 477]
1098,[393 474]
1099,[392 472]
1100,[393 475]
1101,[395 472]
1102,[396 478]
1103,[394 471]
1104,[394 468]
1105,[392 466]
1106,[392 475]
1107,[394 470]
1108,[392 470]
1109,[399 477]
1110,[396 471]
1111,[392 477]
1112,[396 468]
1113,[393 464]
1114,[388 476]
1115,[398 473]
1116,[396 472]
1117,[394 471]
1118,[398 472]
1119,[399 475]
1120,[399 481]
1121,[394 478]
1122,[393 478]
1123,[392 476]
1124,[389 479]
1125,[388 470]
1126,[390 471]
1127,[393 466]
1128,[392 470]
1129,[392 479]
1130,[391 471]
1131,[393 483]
1132,[392 480]
1133,[390 484]
1134,[388 479]
1135,[391 478]
1136,[388 474]
1137,[390 471]
1138,[389 469]
1139,[391 469]
1140,[392 469]
1141,[392 474]
1142,[395 479]
1143,[395 475]
1144,[389 470]
1145,[383 470]
1146,[385 476]
1147,[388 476]
1148,[390 476]
1149,[389 475]
1150,[388 481]
1151,[384 480]
1152,[384 476]
1153,[382 483]
1154,[383 477]
1155,[383 484]
1156,[378 487]
1157,[379 484]
1158,[386 486]
1159,[380 486]
1160,[379 488]
1161,[378 480]
1162,[375 484]
1163,[381 474]
1164,[377 474]
1165,[375 474]
1166,[375 475]
1167,[378 471]
1168,[378 471]
1169,[374 466]
1170,[373 469]
1171,[375 468]
1172,[377 464]
1173,[377 464]
1174,[382 466]
1175,[380 469]
1176,[382 469]
1177,[382 468]
1178,[377 465]
1179,[376 471]
1180,[380 465]
1181,[379 467]
1182,[376 473]
1183,[378 469]
1184,[378 479]
1185,[382 468]
1186,[380 468]
1187,[385 471]
1188,[383 466]
1189,[379 468]
1190,[378 468]
1191,[376 473]
1192,[371 474]
1193,[370 476]
1194,[374 475]
1195,[372 476]
1196,[371 477]
1197,[372 472]
1198,[370 479]
1199,[376 475]
1200,[374 478]
1201,[370 470]
1202,[372 471]
1203,[370 474]
1204,[375 471]
1205,[371 473]
1206,[373 473]
1207,[373 473]
1208,[375 477]
1209,[376 471]
1210,[376 466]
1211,[371 468]
1212,[369 471]
1213,[374 467]
1214,[375 474]
1215,[372 467]
1216,[378 460]
1217,[378 463]
1218,[377 476]
1219,[373 475]
1220,[374 474]
1221,[373 472]
1222,[371 473]
1223,[373 460]
1224,[372 476]
1225,[372 472]
1226,[370 476]
1227,[366 471]
1228,[368 477]
1229,[367 479]
1230,[365 476]
1231,[365 475]
1232,[361 475]
1233,[360 482]
1234,[361 479]
1235,[358 482]
1236,[359 483]
1237,[362 486]
1238,[358 491]
1239,[358 493]
1240,[359 497]
1241,[358 493]
1242,[359 494]
1243,[357 498]
1244,[364 500]
1245,[362 499]
1246,[357 501]
1247,[354 506]
1248,[352 496]
1249,[353 499]
1250,[349 487]
1251,[350 490]
1252,[349 490]
1253,[351 489]
1254,[354 484]
1255,[354 486]
1256,[355 489]
1257,[357 492]
1258,[353 481]
1259,[352 481]
1260,[347 481]
1261,[351 484]
1262,[356 482]
1263,[353 483]
1264,[356 483]
1265,[359 488]
1266,[354 487]
1267,[358 485]
1268,[359 491]
1269,[361 489]
1270,[357 493]
1271,[359 495]
1272,[361 486]
1273,[363 482]
1274,[361 478]
1275,[362 488]
1276,[361 479]
1277,[363 468]
1278,[358 470]
1279,[358 478]
1280,[359 475]
1281,[359 476]
1282,[353 479]
1283,[349 469]
1284,[348 470]
1285,[351 480]
1286,[351 476]
1287,[350 474]
1288,[355 484]
1289,[352 480]
1290,[355 482]
1291,[352 489]
1292,[356 498]
1293,[352 496]
1294,[351 489]
1295,[354 484]
1296,[353 493]
1297,[357 494]
1298,[358 492]
1299,[357 492]
1300,[354 488]
1301,[354 485]
1302,[354 484]
1303,[354 484]
1304,[352 481]
1305,[354 482]
1306,[355 480]
1307,[350 484]
1308,[355 481]
1309,[353 480]
1310,[348 474]
1311,[350 479]
1312,[349 488]
1313,[343 482]
1314,[348 479]
1315,[348 484]
1316,[346 492]
1317,[341 488]
1318,[343 489]
1319,[345 487]
1320,[343 480]
1321,[341 479]
1322,[343 490]
1323,[342 491]
1324,[344 484]
1325,[345 489]
1326,[350 485]
1327,[345 487]
1328,[344 490]
1329,[350 488]
1330,[350 499]
1331,[347 504]
1332,[346 502]
1333,[345 499]
1334,[345 501]
1335,[344 497]
1336,[343 495]
1337,[342 493]
1338,[344 495]
1339,[346 488]
1340,[342 487]
1341,[344 493]
1342,[341 491]
1343,[339 488]
1344,[342 484]
1345,[342 484]
1346,[340 489]
1347,[342 478]
1348,[340 486]
1349,[341 490]
1350,[344 493]
1351,[343 490]
1352,[344 492]
1353,[344 499]
1354,[345 500]
1355,[345 499]
1356,[344 502]
1357,[347 500]
1358,[343 495]
1359,[345 499]
1360,[346 496]
1361,[343 498]
1362,[342 498]
1363,[340 497]
1364,[339 499]
1365,[338 506]
1366,[341 506]
1367,[340 500]
1368,[336 500]
1369,[335 509]
1370,[338 505]
1371,[338 505]
1372,[344 498]
1373,[346 506]
1374,[344 501]
1375,[346 493]
1376,[342 504]
1377,[341 510]
1378,[338 522]
1379,[336 519]
1380,[341 521]
1381,[337 511]
1382,[340 508]
1383,[336 515]
1384,[339 504]
1385,[341 506]
1386,[343 511]
1387,[342 508]
1388,[341 506]
1389,[345 505]
1390,[344 505]
1391,[341 509]
1392,[343 513]
1393,[343 505]
1394,[339 508]
1395,[340 512]
1396,[341 511]
1397,[344 503]
1398,[339 516]
1399,[339 513]
1400,[339 510]
1401,[338 509]
1402,[338 512]
1403,[336 508]
1404,[339 504]
1405,[337 499]
1406,[341 502]
1407,[336 497]
1408,[336 493]
1409,[338 497]
1410,[339 500]
1411,[341 495]
1412,[341 494]
1413,[339 488]
1414,[338 493]
1415,[339 488]
1416,[340 493]
1417,[334 494]
1418,[335 492]
1419,[338 499]
1420,[331 493]
1421,[330 499]
1422,[333 503]
1423,[330 500]
1424,[331 495]
1425,[327 496]
1426,[327 498]
1427,[330 496]
1428,[336 490]
1429,[340 497]
1430,[335 492]
1431,[342 496]
1432,[340 492]
1433,[337 486]
1434,[337 494]
1435,[336 490]
1436,[339 496]
1437,[330 493]
1438,[326 499]
1439,[328 503]
1440,[329 496]
1441,[335 496]
1442,[334 490]
1443,[335 499]
1444,[334 495]
1445,[329 497]
1446,[330 498]
1447,[329 488]
1448,[325 491]
1449,[323 491]
1450,[326 493]
1451,[329 488]
1452,[331 494]
1453,[326 490]
1454,[327 483]
1455,[331 484]
1456,[329 493]
1457,[324 494]
1458,[323 494]
1459,[324 492]
1460,[324 486]
1461,[323 494]
1462,[322 485]
1463,[327 483]
1464,[320 490]
1465,[322 493]
1466,[317 498]
1467,[314 496]
1468,[316 501]
1469,[318 502]
1470,[316 498]
1471,[322 503]
1472,[322 507]
1473,[322 505]
1474,[316 504]
1475,[320 503]
1476,[322 508]
1477,[324 504]
1478,[314 500]
1479,[313 517]
1480,[312 515]
1481,[310 519]
1482,[308 514]
1483,[314 515]
1484,[318 507]
1485,[318 507]
1486,[317 508]
1487,[320 503]
1488,[316 512]
1489,[318 504]
1490,[316 507]
1491,[315 507]
1492,[317 512]
1493,[316 517]
1494,[317 506]
1495,[313 502]
1496,[314 501]
1497,[321 503]
1498,[321 510]
1499,[318 506]
1500,[313 507]
1501,[317 509]
1502,[317 508]
1503,[319 510]
1504,[319 498]
1505,[326 496]
1506,[320 491]
1507,[324 499]
1508,[322 499]
1509,[321 502]
1510,[318 505]
1511,[324 500]
1512,[321 506]
1513,[319 494]
1514,[321 504]
1515,[324 490]
1516,[323 491]
1517,[318 491]
1518,[314 494]
1519,[311 498]
1520,[316 499]
1521,[315 500]
1522,[313 506]
1523,[317 507]
1524,[314 507]
1525,[317 497]
1526,[322 502]
1527,[318 504]
1528,[319 507]
1529,[318 511]
1530,[320 500]
1531,[314 497]
1532,[313 503]
1533,[320 507]
1534,[318 506]
1535,[319 501]
1536,[317 503]
1537,[316 508]
1538,[316 510]
1539,[320 503]
1540,[318 507]
1541,[320 505]
1542,[320 512]
1543,[321 509]
1544,[315 505]
1545,[319 512]
1546,[319 522]
1547,[315 512]
1548,[316 518]
1549,[315 523]
1550,[316 515]
1551,[319 514]
1552,[311 512]
1553,[314 510]
1554,[314 515]
1555,[315 520]
1556,[313 531]
1557,[315 518]
1558,[310 522]
1559,[310 517]
1560,[315 521]
1561,[315 529]
1562,[312 527]
1563,[311 529]
1564,[308 523]
1565,[312 527]
1566,[314 526]
1567,[314 529]
1568,[320 526]
1569,[316 524]
1570,[317 531]
1571,[318 529]
1572,[312 528]
1573,[317 530]
1574,[319 535]
1575,[317 522]
1576,[315 524]
1577,[316 527]
1578,[316 523]
1579,[314 527]
1580,[312 526]
1581,[314 530]
1582,[313 533]
1583,[318 533]
1584,[320 532]
1585,[321 532]
1586,[318 532]
1587,[315 524]
1588,[316 524]
1589,[316 525]
1590,[319 522]
1591,[321 524]
1592,[320 525]
1593,[322 529]
1594,[320 536]
1595,[317 533]
1596,[322 525]
1597,[319 525]
1598,[321 527]
1599,[319 526]
1600,[318 530]
1601,[315 529]
1602,[315 520]
1603,[314 527]
1604,[311 520]
1605,[313 520]
1606,[309 524]
1607,[307 526]
1608,[308 529]
1609,[309 527]
1610,[310 524]
1611,[312 528]
1612,[315 527]
1613,[316 526]
1614,[310 523]
1615,[312 521]
1616,[307 526]
1617,[305 526]
1618,[308 528]
1619,[307 519]
1620,[306 518]
1621,[309 524]
1622,[310 518]
1623,[311 526]
1624,[314 526]
1625,[311 528]
1626,[307 518]
1627,[310 528]
1628,[310 524]
1629,[309 532]
1630,[307 535]
1631,[303 532]
1632,[309 526]
1633,[304 528]
1634,[311 523]
1635,[311 529]
1636,[313 528]
1637,[310 531]
1638,[309 535]
1639,[303 534]
1640,[308 533]
1641,[304 531]
1642,[304 533]
1643,[305 528]
1644,[302 533]
1645,[300 528]
1646,[303 534]
1647,[310 527]
1648,[307 522]
1649,[306 515]
1650,[306 523]
1651,[306 521]
1652,[306 521]
1653,[310 520]
1654,[310 524]
1655,[310 526]
1656,[310 526]
1657,[314 522]
1658,[312 517]
1659,[315 525]
1660,[313 526]
1661,[316 529]
1662,[310 535]
1663,[312 533]
1664,[311 532]
1665,[315 533]
1666,[314 528]
1667,[317 533]
1668,[315 526]
1669,[314 524]
1670,[311 523]
1671,[311 527]
1672,[311 526]
1673,[313 529]
1674,[310 526]
1675,[311 527]
1676,[310 528]
1677,[308 532]
1678,[311 528]
1679,[310 534]
1680,[312 524]
1681,[306 530]
1682,[311 523]
1683,[309 526]
1684,[307 534]
1685,[309 529]
1686,[309 527]
1687,[308 529]
1688,[314 534]
1689,[313 535]
1690,[307 538]
1691,[307 537]
1692,[306 539]
1693,[309 528]
1694,[308 531]
1695,[307 530]
1696,[305 527]
1697,[305 522]
1698,[308 525]
1699,[312 525]
1700,[311 526]
1701,[309 532]
1702,[305 529]
1703,[304 531]
1704,[307 524]
1705,[304 533]
1706,[305 533]
1707,[302 536]
1708,[304 535]
1709,[310 528]
1710,[302 537]
1711,[299 527]
1712,[297 533]
1713,[297 524]
1714,[296 526]
1715,[295 530]
1716,[293 530]
1717,[295 531]
1718,[296 531]
1719,[296 530]
1720,[299 532]
1721,[294 531]
1722,[293 537]
1723,[292 538]
1724,[294 535]
1725,[295 536]
1726,[297 535]
1727,[297 536]
1728,[295 533]
1729,[293 538]
1730,[293 536]
1731,[291 539]
1732,[299 536]
1733,[293 539]
1734,[292 534]
1735,[295 528]
1736,[295 534]
1737,[291 539]
1738,[290 541]
1739,[297 546]
1740,[290 540]
1741,[293 546]
1742,[291 547]
1743,[293 545]
1744,[291 549]
1745,[290 558]
1746,[290 557]
1747,[290 554]
1748,[292 541]
1749,[293 543]
1750,[291 542]
1751,[287 546]
1752,[294 547]
1753,[296 545]
1754,[295 546]
1755,[291 551]
1756,[292 539]
1757,[288 535]
1758,[292 544]
1759,[291 540]
1760,[298 552]
1761,[295 546]
1762,[297 548]
1763,[297 541]
1764,[294 541]
1765,[294 547]
1766,[287 547]
1767,[291 555]
1768,[290 544]
1769,[293 546]
1770,[292 544]
1771,[295 553]
1772,[293 549]
1773,[293 547]
1774,[289 544]
1775,[291 545]
1776,[291 550]
1777,[292 553]
1778,[295 554]
1779,[293 553]
1780,[293 545]
1781,[293 544]
1782,[288 551]
1783,[288 554]
1784,[288 554]
1785,[295 554]
1786,[297 554]
1787,[298 563]
1788,[301 555]
1789,[297 553]
1790,[298 554]
1791,[292 549]
1792,[297 561]
1793,[290 562]
1794,[296 556]
1795,[294 550]
1796,[293 555]
1797,[296 564]
1798,[293 568]
1799,[294 567]
1800,[295 563]
1801,[296 563]
1802,[293 560]
1803,[297 560]
1804,[292 554]
1805,[291 557]
1806,[293 552]
1807,[295 554]
1808,[296 563]
1809,[296 563]
1810,[300 567]
1811,[299 568]
1812,[296 568]
1813,[299 557]
1814,[294 552]
1815,[291 557]
1816,[293 555]
1817,[290 562]
1818,[293 560]
1819,[296 555]
1820,[291 557]
1821,[290 559]
1822,[291 564]
1823,[298 570]
1824,[297 568]
1825,[299 560]
1826,[299 564]
1827,[304 562]
1828,[301 560]
1829,[297 556]
1830,[293 562]
1831,[293 557]
1832,[294 560]
1833,[295 559]
1834,[293 557]
1835,[293 558]
1836,[294 561]
1837,[295 556]
1838,[293 556]
1839,[296 562]
1840,[296 556]
1841,[292 554]
1842,[294 553]
1843,[297 554]
1844,[294 552]
1845,[296 554]
1846,[293 559]
1847,[297 559]
1848,[298 555]
1849,[297 562]
1850,[293 564]
1851,[295 560]
1852,[298 556]
1853,[295 558]
1854,[295 555]
1855,[297 551]
1856,[293 544]
1857,[289 545]
1858,[288 544]
1859,[288 533]
1860,[286 541]
1861,[287 540]
1862,[287 544]
1863,[290 547]
1864,[288 541]
1865,[291 548]
1866,[289 537]
1867,[285 538]
1868,[290 535]
1869,[289 541]
1870,[290 547]
1871,[292 542]
1872,[286 542]
1873,[288 537]
1874,[288 538]
1875,[283 541]
1876,[281 539]
1877,[280 544]
1878,[283 541]
1879,[281 536]
1880,[286 540]
1881,[286 547]
1882,[286 552]
1883,[287 551]
1884,[291 547]
1885,[292 556]
1886,[291 553]
1887,[291 557]
1888,[294 559]
1889,[290 555]
1890,[291 551]
1891,[293 556]
1892,[293 560]
1893,[286 563]
1894,[287 560]
1895,[288 562]
1896,[296 556]
1897,[293 552]
1898,[293 556]
1899,[289 554]
1900,[288 547]
1901,[285 557]
1902,[282 561]
1903,[286 557]
1904,[289 561]
1905,[289 561]
1906,[288 549]
1907,[288 557]
1908,[290 553]
1909,[291 567]
1910,[285 565]
1911,[283 554]
1912,[286 560]
1913,[289 559]
1914,[287 561]
1915,[289 558]
1916,[288 563]
1917,[286 565]
1918,[285 558]
1919,[283 561]
1920,[283 555]
1921,[281 558]
1922,[281 550]
1923,[284 554]
1924,[285 560]
1925,[285 552]
1926,[287 558]
1927,[285 565]
1928,[286 561]
1929,[282 554]
1930,[282 558]
1931,[282 557]
1932,[286 556]
1933,[283 550]
1934,[287 555]
1935,[284 548]
1936,[286 554]
1937,[283 559]
1938,[286 565]
1939,[290 559]
1940,[286 570]
1941,[285 568]
1942,[282 569]
1943,[287 569]
1944,[282 570]
1945,[279 572]
1946,[279 574]
1947,[281 571]
1948,[284 576]
1949,[281 575]
1950,[279 578]
1951,[278 577]
1952,[280 579]
1953,[281 575]
1954,[280 570]
1955,[276 575]
1956,[280 573]
1957,[279 574]
1958,[283 580]
1959,[281 576]
1960,[280 577]
1961,[280 585]
1962,[280 577]
1963,[282 576]
1964,[278 583]
1965,[275 583]
1966,[271 583]
1967,[275 577]
1968,[278 574]
1969,[277 572]
1970,[271 576]
1971,[275 577]
1972,[278 582]
1973,[277 578]
1974,[279 573]
1975,[281 573]
1976,[274 572]
1977,[280 571]
1978,[281 578]
1979,[282 574]
1980,[283 575]
1981,[280 571]
1982,[280 568]
1983,[279 571]
1984,[277 571]
1985,[276 569]
1986,[280 574]
1987,[275 581]
1988,[276 581]
1989,[272 570]
1990,[274 586]
1991,[275 583]
1992,[274 583]
1993,[271 580]
1994,[277 572]
1995,[276 572]
1996,[279 574]
1997,[278 573]
1998,[280 572]
1999,[279 575]
2000,[276 582]
2001,[276 577]
2002,[280 573]
2003,[280 578]
2004,[278 583]
2005,[277 575]
2006,[279 590]
2007,[287 588]
2008,[280 585]
2009,[277 586]
2010,[276 580]
2011,[276 585]
2012,[282 588]
2013,[281 586]
2014,[282 585]
2015,[276 581]
2016,[279 582]
2017,[277 590]
2018,[279 582]
2019,[277 582]
2020,[276 582]
2021,[274 581]
2022,[272 575]
2023,[273 575]
2024,[276 572]
2025,[277 574]
2026,[278 569]
2027,[276 575]
2028,[279 571]
2029,[278 573]
2030,[277 572]
2031,[276 567]
2032,[275 565]
2033,[272 576]
2034,[272 574]
2035,[276 567]
2036,[274 568]
2037,[270 573]
2038,[270 573]
2039,[272 570]
2040,[276 568]
2041,[279 570]
2042,[278 563]
2043,[277 560]
2044,[277 564]
2045,[281 565]
2046,[281 564]
2047,[280 562]
2048,[279 572]
2049,[279 574]
2050,[278 563]
2051,[281 569]
2052,[278 563]
2053,[276 561]
2054,[279 560]
2055,[279 560]
2056,[281 559]
2057,[280 556]
2058,[279 564]
2059,[279 557]
2060,[274 554]
2061,[276 567]
2062,[272 561]
2063,[271 567]
2064,[272 564]
2065,[271 573]
2066,[269 568]
2067,[275 568]
2068,[269 574]
2069,[272 580]
2070,[268 571]
2071,[268 570]
2072,[271 563]
2073,[271 568]
2074,[267 567]
2075,[271 570]
2076,[268 570]
2077,[267 566]
2078,[270 566]
2079,[267 570]
2080,[271 573]
2081,[270 573]
2082,[272 568]
2083,[272 570]
2084,[272 568]
2085,[270 576]
2086,[271 572]
2087,[270 578]
2088,[271 571]
2089,[271 574]
2090,[273 575]
2091,[274 571]
2092,[275 574]
2093,[273 570]
2094,[276 571]
2095,[273 579]
2096,[271 578]
2097,[276 579]
2098,[277 581]
2099,[273 577]
2100,[268 582]
2101,[267 585]
2102,[266 591]
2103,[267 577]
2104,[269 580]
2105,[265 586]
2106,[264 583]
2107,[261 583]
2108,[263 582]
2109,[262 581]
2110,[263 592]
2111,[266 596]
2112,[267 589]
2113,[268 587]
2114,[268 584]
2115,[268 587]
2116,[266 599]
2117,[270 593]
2118,[271 599]
2119,[271 600]
2120,[271 590]
2121,[272 597]
2122,[270 585]
2123,[274 588]
2124,[271 591]
2125,[269 599]
2126,[269 594]
2127,[269 594]
2128,[270 597]
2129,[266 599]
2130,[268 592]
2131,[268 592]
2132,[267 592]
2133,[266 599]
2134,[262 600]
2135,[262 594]
2136,[262 591]
2137,[261 597]
2138,[263 597]
2139,[263 593]
2140,[262 597]
2141,[258 597]
2142,[258 595]
2143,[259 598]
2144,[258 614]
2145,[262 608]
2146,[264 613]
2147,[265 608]
2148,[258 599]
2149,[259 602]
2150,[259 610]
2151,[258 605]
2152,[259 608]
2153,[257 603]
2154,[256 603]
2155,[258 599]
2156,[257 595]
2157,[258 600]
2158,[257 607]
2159,[256 605]
2160,[257 595]
2161,[264 609]
2162,[258 611]
2163,[258 607]
2164,[257 602]
2165,[255 603]
2166,[258 609]
2167,[258 605]
2168,[259 601]
2169,[262 605]
2170,[262 601]
2171,[258 604]
2172,[259 609]
2173,[257 608]
2174,[260 610]
2175,[256 609]
2176,[256 619]
2177,[259 617]
2178,[258 623]
2179,[254 632]
2180,[253 629]
2181,[255 619]
2182,[255 623]
2183,[254 617]
2184,[254 621]
2185,[253 619]
2186,[253 615]
2187,[254 607]
2188,[259 616]
2189,[254 615]
2190,[255 610]
2191,[256 616]
2192,[251 619]
2193,[254 628]
2194,[252 614]
2195,[251 623]
2196,[250 623]
2197,[249 620]
2198,[251 623]
2199,[248 621]
2200,[244 621]
2201,[245 619]
2202,[241 624]
2203,[239 616]
2204,[246 619]
2205,[246 627]
2206,[247 629]
2207,[246 629]
2208,[246 628]
2209,[245 633]
2210,[245 638]
2211,[247 631]
2212,[248 632]
2213,[243 628]
2214,[248 628]
2215,[247 626]
2216,[248 630]
2217,[249 622]
2218,[247 618]
2219,[249 619]
2220,[248 617]
2221,[247 610]
2222,[246 616]
2223,[247 619]
2224,[247 616]
2225,[249 621]
2226,[249 623]
2227,[253 623]
2228,[253 618]
2229,[251 623]
2230,[250 624]
2231,[253 622]
2232,[249 620]
2233,[246 625]
2234,[246 620]
2235,[245 629]
2236,[244 637]
2237,[246 619]
2238,[244 619]
2239,[245 630]
2240,[246 624]
2241,[245 629]
2242,[245 630]
2243,[245 627]
2244,[242 631]
2245,[243 618]
2246,[244 621]
2247,[243 621]
2248,[242 618]
2249,[242 618]
2250,[242 619]
2251,[241 624]
2252,[241 622]
2253,[241 619]
2254,[240 619]
2255,[237 611]
2256,[240 611]
2257,[237 606]
2258,[238 611]
2259,[238 617]
2260,[237 617]
2261,[241 618]
2262,[239 620]
2263,[234 618]
2264,[237 616]
2265,[235 613]
2266,[234 617]
2267,[235 617]
2268,[237 619]
2269,[237 617]
2270,[239 615]
2271,[235 618]
2272,[235 611]
2273,[239 613]
2274,[238 622]
2275,[234 619]
2276,[233 617]
2277,[231 616]
2278,[233 614]
2279,[233 611]
2280,[234 612]
2281,[233 613]
2282,[233 608]
2283,[232 603]
2284,[236 602]
2285,[235 604]
2286,[232 598]
2287,[232 597]
2288,[235 606]
2289,[237 604]
2290,[239 598]
2291,[236 597]
2292,[240 596]
2293,[241 600]
2294,[241 606]
2295,[245 610]
2296,[241 605]
2297,[239 604]
2298,[241 606]
2299,[241 615]
2300,[243 606]
2301,[242 614]
2302,[244 611]
2303,[242 614]
2304,[241 606]
2305,[240 607]
2306,[238 613]
2307,[242 608]
2308,[245 593]
2309,[244 603]
2310,[244 602]
2311,[241 603]
2312,[244 611]
2313,[243 613]
2314,[246 608]
2315,[246 607]
2316,[243 603]
2317,[241 597]
2318,[243 594]
2319,[246 594]
2320,[247 596]
2321,[246 590]
2322,[244 589]
2323,[245 600]
2324,[246 597]
2325,[240 597]
2326,[241 598]
2327,[244 599]
2328,[243 597]
2329,[242 597]
2330,[242 596]
2331,[239 602]
2332,[236 601]
2333,[238 612]
2334,[238 611]
2335,[238 614]
2336,[235 609]
2337,[237 607]
2338,[237 608]
2339,[235 610]
2340,[238 609]
2341,[241 609]
2342,[240 612]
2343,[239 615]
2344,[238 608]
2345,[236 616]
2346,[237 620]
2347,[235 610]
2348,[237 615]
2349,[239 615]
2350,[239 610]
2351,[239 608]
2352,[236 612]
2353,[238 609]
2354,[238 614]
2355,[239 612]
2356,[239 609]
2357,[237 609]
2358,[236 607]
2359,[237 611]
2360,[236 616]
2361,[239 603]
2362,[240 601]
2363,[239 605]
2364,[242 601]
2365,[238 604]
2366,[241 605]
2367,[244 610]
2368,[239 605]
2369,[240 609]
2370,[241 606]
2371,[239 613]
2372,[235 615]
2373,[236 620]
2374,[238 619]
2375,[239 620]
2376,[236 621]
2377,[239 613]
2378,[239 613]
2379,[236 614]
2380,[240 603]
2381,[241 611]
2382,[240 612]
2383,[243 604]
2384,[238 598]
2385,[239 592]
2386,[236 595]
2387,[234 598]
2388,[234 588]
2389,[236 587]
2390,[237 591]
2391,[235 584]
2392,[237 588]
2393,[234 586]
2394,[237 590]
2395,[238 587]
2396,[233 585]
2397,[231 593]
2398,[235 591]
2399,[236 591]
2400,[234 589]
2401,[231 593]
2402,[231 592]
2403,[237 589]
2404,[235 592]
2405,[235 593]
2406,[233 587]
2407,[235 593]
2408,[234 591]
2409,[232 589]
2410,[235 594]
2411,[238 590]
2412,[240 595]
2413,[235 593]
2414,[238 591]
2415,[239 587]
2416,[233 592]
2417,[235 589]
2418,[233 590]
2419,[230 592]
2420,[228 586]
2421,[228 593]
2422,[225 593]
2423,[227 594]
2424,[227 597]
2425,[223 601]
2426,[226 594]
2427,[226 592]
2428,[224 594]
2429,[226 586]
2430,[228 596]
2431,[227 593]
2432,[232 596]
2433,[228 596]
2434,[230 591]
2435,[227 592]
2436,[228 589]
2437,[228 593]
2438,[228 598]
2439,[230 590]
2440,[229 594]
2441,[231 598]
2442,[234 598]
2443,[232 599]
2444,[235 595]
2445,[230 594]
2446,[237 595]
2447,[230 605]
2448,[229 599]
2449,[231 594]
2450,[231 592]
2451,[229 597]
2452,[226 598]
2453,[225 597]
2454,[225 593]
2455,[228 596]
2456,[226 600]
2457,[230 595]
2458,[222 591]
2459,[225 589]
2460,[225 593]
2461,[227 595]
2462,[224 587]
2463,[227 586]
2464,[227 590]
2465,[225 594]
2466,[226 599]
2467,[224 610]
2468,[223 604]
2469,[226 608]
2470,[224 603]
2471,[223 601]
2472,[225 593]
2473,[225 596]
2474,[228 602]
2475,[232 601]
2476,[231 605]
2477,[230 613]
2478,[228 605]
2479,[228 616]
2480,[226 614]
2481,[227 619]
2482,[226 613]
2483,[222 614]
2484,[220 610]
2485,[221 618]
2486,[223 613]
2487,[217 607]
2488,[219 599]
2489,[218 602]
2490,[219 611]
2491,[217 615]
2492,[221 608]
2493,[218 610]
2494,[220 610]
2495,[220 600]
2496,[221 600]
2497,[220 599]
2498,[219 601]
2499,[220 607]
2500,[220 612]
2501,[222 611]
2502,[222 610]
2503,[224 612]
2504,[222 607]
2505,[218 604]
2506,[221 608]
2507,[222 607]
2508,[223 614]
2509,[222 607]
2510,[221 610]
2511,[222 613]
2512,[219 617]
2513,[219 615]
2514,[218 617]
2515,[223 617]
2516,[224 607]
2517,[231 612]
2518,[230 607]
2519,[231 605]
2520,[228 606]
2521,[225 605]
2522,[223 605]
2523,[226 603]
2524,[225 598]
2525,[226 602]
2526,[227 606]
2527,[226 602]
2528,[227 596]
2529,[226 599]
2530,[226 597]
2531,[225 596]
2532,[224 593]
2533,[223 603]
2534,[222 608]
2535,[222 615]
2536,[220 610]
2537,[222 604]
2538,[226 602]
2539,[228 603]
2540,[225 597]
2541,[229 604]
2542,[224 606]
2543,[225 602]
2544,[223 600]
2545,[223 605]
2546,[220 608]
2547,[221 607]
2548,[219 609]
2549,[223 604]
2550,[222 599]
2551,[221 608]
2552,[222 608]
2553,[219 615]
2554,[226 609]
2555,[221 609]
2556,[222 605]
2557,[220 608]
2558,[221 610]
2559,[217 614]
2560,[220 615]
2561,[217 613]
2562,[224 613]
2563,[217 622]
2564,[222 617]
2565,[222 624]
2566,[219 618]
2567,[221 618]
2568,[223 625]
2569,[227 624]
2570,[224 625]
2571,[226 630]
2572,[226 623]
2573,[224 619]
2574,[221 622]
2575,[223 615]
2576,[221 619]
2577,[223 619]
2578,[222 613]
2579,[224 615]
2580,[224 619]
2581,[225 621]
2582,[222 617]
2583,[222 618]
2584,[223 609]
2585,[227 616]
2586,[227 618]
2587,[231 619]
2588,[229 619]
2589,[228 611]
2590,[228 608]
2591,[229 606]
2592,[229 608]
2593,[229 613]
2594,[227 610]
2595,[229 615]
2596,[227 610]
2597,[223 615]
2598,[224 617]
2599,[225 621]
2600,[225 621]
2601,[221 618]
2602,[225 624]
2603,[223 627]
2604,[222 620]
2605,[221 623]
2606,[218 609]
2607,[222 613]
2608,[222 608]
2609,[222 610]
2610,[224 613]
2611,[224 617]
2612,[228 612]
2613,[224 610]
2614,[226 610]
2615,[223 612]
2616,[221 610]
2617,[218 613]
2618,[219 608]
2619,[221 602]
2620,[223 607]
2621,[222 606]
2622,[223 607]
2623,[219 610]
2624,[221 609]
2625,[220 609]
2626,[214 605]
2627,[215 610]
2628,[220 616]
2629,[218 615]
2630,[218 609]
2631,[216 606]
2632,[217 602]
2633,[217 604]
2634,[217 612]
2635,[214 618]
2636,[216 617]
2637,[211 613]
2638,[213 621]
2639,[210 621]
2640,[215 615]
2641,[212 615]
2642,[213 614]
2643,[215 615]
2644,[216 621]
2645,[215 600]
2646,[214 607]
2647,[213 606]
2648,[210 611]
2649,[213 612]
2650,[208 610]
2651,[207 608]
2652,[207 604]
2653,[206 611]
2654,[207 616]
2655,[208 615]
2656,[212 607]
2657,[210 611]
2658,[209 611]
2659,[217 609]
2660,[211 607]
2661,[207 608]
2662,[210 606]
2663,[214 608]
2664,[215 604]
2665,[214 605]
2666,[209 603]
2667,[212 607]
2668,[211 601]
2669,[213 606]
2670,[215 605]
2671,[218 610]
2672,[211 606]
2673,[211 605]
2674,[209 603]
2675,[209 607]
2676,[210 610]
2677,[208 618]
2678,[208 622]
2679,[208 618]
2680,[211 616]
2681,[213 618]
2682,[213 607]
2683,[216 609]
2684,[214 602]
2685,[213 606]
2686,[214 614]
2687,[212 610]
2688,[214 613]
2689,[213 616]
2690,[210 614]
2691,[211 612]
2692,[209 609]
2693,[210 602]
2694,[212 602]
2695,[209 598]
2696,[204 608]
2697,[206 601]
2698,[204 607]
2699,[207 606]
2700,[211 604]
2701,[207 604]
2702,[204 607]
2703,[208 602]
2704,[204 606]
2705,[205 614]
2706,[203 602]
2707,[203 598]
2708,[203 603]
2709,[202 605]
2710,[205 601]
2711,[204 605]
2712,[204 615]
2713,[203 617]
2714,[206 617]
2715,[206 616]
2716,[207 614]
2717,[204 616]
2718,[202 617]
2719,[199 613]
2720,[202 613]
2721,[201 605]
2722,[205 606]
2723,[205 608]
2724,[207 609]
2725,[202 615]
2726,[204 610]
2727,[205 618]
2728,[200 615]
2729,[202 610]
2730,[203 614]
2731,[208 619]
2732,[204 624]
2733,[201 622]
2734,[204 615]
2735,[203 617]
2736,[201 614]
2737,[199 615]
2738,[198 617]
2739,[198 622]
2740,[204 614]
2741,[205 614]
2742,[202 611]
2743,[204 619]
2744,[202 618]
2745,[202 614]
2746,[201 623]
2747,[204 623]
2748,[205 629]
2749,[202 620]
2750,[202 618]
2751,[203 615]
2752,[203 606]
2753,[203 607]
2754,[205 609]
2755,[207 602]
2756,[206 598]
2757,[210 599]
2758,[207 604]
2759,[205 600]
2760,[209 598]
2761,[209 615]
2762,[208 611]
2763,[207 617]
2764,[212 613]
2765,[211 612]
2766,[210 610]
2767,[211 609]
2768,[208 603]
2769,[207 603]
2770,[210 603]
2771,[205 605]
2772,[205 604]
2773,[205 607]
2774,[206 607]
2775,[203 609]
2776,[203 612]
2777,[202 610]
2778,[200 612]
2779,[203 612]
2780,[200 607]
2781,[196 609]
2782,[199 616]
2783,[197 615]
2784,[199 609]
2785,[198 613]
2786,[203 611]
2787,[201 616]
2788,[202 613]
2789,[206 618]
2790,[205 613]
2791,[208 608]
2792,[209 612]
2793,[206 606]
2794,[207 608]
2795,[211 613]
2796,[209 603]
2797,[207 609]
2798,[206 595]
2799,[207 602]
2800,[207 598]
2801,[211 593]
2802,[208 593]
2803,[203 593]
2804,[197 597]
2805,[200 601]
2806,[200 603]
2807,[200 596]
2808,[199 604]
2809,[198 608]
2810,[199 613]
2811,[198 609]
2812,[200 615]
2813,[198 614]
2814,[199 616]
2815,[200 617]
2816,[203 618]
2817,[201 613]
2818,[204 609]
2819,[202 615]
2820,[203 613]
2821,[205 615]
2822,[206 621]
2823,[201 615]
2824,[204 609]
2825,[206 611]
2826,[207 607]
2827,[205 600]
2828,[203 600]
2829,[203 601]
2830,[204 603]
2831,[203 606]
2832,[200 602]
2833,[201 601]
2834,[200 602]
2835,[202 604]
2836,[205 603]
2837,[202 610]
2838,[203 608]
2839,[202 613]
2840,[200 614]
2841,[199 604]
2842,[202 602]
2843,[207 601]
2844,[206 596]
2845,[205 602]
2846,[198 600]
2847,[200 605]
2848,[202 605]
2849,[203 607]
2850,[205 602]
2851,[209 605]
2852,[209 599]
2853,[203 597]
2854,[201 610]
2855,[206 608]
2856,[203 607]
2857,[202 608]
2858,[201 608]
2859,[198 601]
2860,[200 597]
2861,[198 604]
2862,[199 602]
2863,[199 596]
2864,[201 600]
2865,[199 601]
2866,[201 606]
2867,[197 603]
2868,[197 609]
2869,[200 602]
2870,[201 604]
2871,[198 599]
2872,[198 607]
2873,[200 608]
2874,[199 609]
2875,[199 603]
2876,[202 607]
2877,[199 605]
2878,[202 596]
2879,[199 581]
2880,[197 586]
2881,[196 583]
2882,[197 587]
2883,[196 596]
2884,[197 593]
2885,[196 595]
2886,[192 600]
2887,[198 595]
2888,[201 595]
2889,[198 600]
2890,[196 592]
2891,[195 598]
2892,[196 599]
2893,[195 597]
2894,[193 603]
2895,[194 605]
2896,[195 597]
2897,[195 594]
2898,[189 597]
2899,[189 596]
2900,[188 603]
2901,[192 604]
2902,[194 598]
2903,[190 608]
2904,[190 608]
2905,[187 614]
2906,[194 609]
2907,[193 601]
2908,[196 612]
2909,[195 618]
2910,[192 608]
2911,[191 608]
2912,[191 605]
2913,[188 601]
2914,[191 605]
2915,[190 608]
2916,[193 612]
2917,[194 606]
2918,[191 611]
2919,[192 613]
2920,[190 608]
2921,[194 597]
2922,[193 601]
2923,[196 596]
2924,[202 590]
2925,[203 602]
2926,[199 591]
2927,[198 593]
2928,[200 595]
2929,[200 594]
2930,[196 598]
2931,[197 597]
2932,[200 602]
2933,[201 597]
2934,[199 606]
2935,[201 600]
2936,[197 602]
2937,[197 611]
2938,[196 605]
2939,[196 612]
2940,[201 615]
2941,[203 614]
2942,[202 615]
2943,[204 617]
2944,[206 608]
2945,[204 613]
2946,[204 614]
2947,[207 618]
2948,[207 611]
2949,[205 611]
2950,[207 604]
2951,[205 605]
2952,[205 607]
2953,[204 609]
2954,[203 605]
2955,[203 606]
2956,[200 612]
2957,[199 605]
2958,[203 604]
2959,[201 598]
2960,[201 602]
2961,[203 599]
2962,[204 610]
2963,[203 611]
2964,[202 610]
2965,[203 611]
2966,[201 613]
2967,[198 602]
2968,[201 612]
2969,[200 621]
2970,[202 620]
2971,[199 616]
2972,[196 620]
2973,[195 619]
2974,[197 618]
2975,[196 619]
2976,[196 615]
2977,[194 620]
2978,[196 618]
2979,[201 618]
2980,[198 613]
2981,[200 608]
2982,[201 623]
2983,[200 619]
2984,[203 614]
2985,[198 611]
2986,[197 614]
2987,[196 612]
2988,[200 611]
2989,[195 607]
2990,[193 618]
2991,[196 613]
2992,[198 613]
2993,[195 617]
2994,[199 620]
2995,[204 624]
2996,[199 634]
2997,[198 634]
2998,[197 634]
2999,[196 633]
3000,[196 631]
3001,[193 613]
3002,[192 620]
3003,[193 618]
3004,[197 624]
3005,[192 628]
3006,[193 630]
3007,[190 625]
3008,[191 622]
3009,[189 635]
3010,[191 637]
3011,[188 635]
3012,[187 633]
3013,[185 635]
3014,[185 632]
3015,[186 635]
3016,[188 644]
3017,[189 639]
3018,[190 638]
3019,[191 634]
3020,[190 632]
3021,[190 629]
3022,[188 635]
3023,[189 635]
3024,[189 631]
3025,[190 631]
3026,[189 635]
3027,[190 638]
3028,[191 637]
3029,[191 641]
3030,[193 635]
3031,[190 640]
3032,[190 639]
3033,[186 642]
3034,[188 637]
3035,[186 635]
3036,[185 638]
3037,[184 629]
3038,[181 624]
3039,[184 628]
3040,[187 627]
3041,[186 625]
3042,[186 636]
3043,[186 629]
3044,[188 631]
3045,[187 637]
3046,[188 631]
3047,[187 637]
3048,[185 641]
3049,[189 631]
3050,[193 634]
3051,[192 633]
3052,[191 631]
3053,[192 630]
3054,[189 630]
3055,[192 631]
3056,[191 632]
3057,[192 630]
3058,[192 632]
3059,[192 629]
3060,[193 622]
3061,[190 625]
3062,[190 621]
3063,[188 620]
3064,[189 628]
3065,[185 622]
3066,[187 623]
3067,[184 622]
3068,[186 621]
3069,[186 624]
3070,[185 616]
3071,[188 612]
3072,[187 611]
3073,[189 614]
3074,[188 614]
3075,[188 632]
3076,[185 626]
3077,[185 623]
3078,[187 620]
3079,[189 629]
3080,[190 628]
3081,[188 624]
3082,[191 624]
3083,[189 627]
3084,[190 626]
3085,[187 626]
3086,[186 624]
3087,[185 626]
3088,[188 625]
3089,[185 629]
3090,[187 624]
3091,[188 620]
3092,[182 630]
3093,[183 628]
3094,[185 632]
3095,[185 625]
3096,[185 625]
3097,[185 624]
3098,[189 626]
3099,[189 632]
3100,[185 631]
3101,[187 633]
3102,[185 630]
3103,[186 626]
3104,[183 623]
3105,[186 622]
3106,[183 634]
3107,[182 633]
3108,[185 636]
3109,[186 634]
3110,[180 639]
3111,[177 633]
3112,[183 633]
3113,[178 632]
3114,[182 634]
3115,[182 628]
3116,[183 631]
3117,[181 630]
3118,[183 638]
3119,[182 639]
3120,[187 631]
3121,[184 629]
3122,[186 627]
3123,[187 626]
3124,[185 632]
3125,[187 629]
3126,[187 627]
3127,[187 619]
3128,[187 614]
3129,[191 618]
3130,[186 618]
3131,[185 622]
3132,[185 629]
3133,[185 632]
3134,[185 637]
3135,[187 635]
3136,[188 635]
3137,[185 630]
3138,[186 624]
3139,[188 630]
3140,[187 630]
3141,[188 628]
3142,[184 627]
3143,[188 630]
3144,[187 627]
3145,[185 630]
3146,[190 636]
3147,[188 634]
3148,[187 630]
3149,[191 638]
3150,[191 628]
3151,[194 624]
3152,[192 630]
3153,[194 632]
3154,[191 624]
3155,[189 631]
3156,[183 629]
3157,[182 630]
3158,[186 627]
3159,[183 632]
3160,[181 634]
3161,[181 635]
3162,[179 632]
3163,[181 623]
3164,[181 628]
3165,[184 632]
3166,[185 633]
3167,[185 628]
3168,[186 631]
3169,[185 634]
3170,[182 629]
3171,[187 637]
3172,[188 635]
3173,[186 637]
3174,[189 634]
3175,[187 636]
3176,[186 636]
3177,[184 637]
3178,[180 633]
3179,[181 635]
3180,[187 635]
3181,[187 640]
3182,[187 647]
3183,[187 649]
3184,[188 647]
3185,[186 641]
3186,[182 643]
3187,[181 644]
3188,[180 640]
3189,[182 641]
3190,[182 641]
3191,[182 643]
3192,[181 648]
3193,[184 653]
3194,[187 646]
3195,[187 641]
3196,[187 639]
3197,[186 634]
3198,[190 644]
3199,[188 635]
3200,[186 637]
3201,[183 631]
3202,[187 633]
3203,[187 639]
3204,[183 640]
3205,[187 645]
3206,[187 637]
3207,[187 640]
3208,[184 642]
3209,[183 643]
3210,[184 650]
3211,[182 647]
3212,[185 649]
3213,[187 649]
3214,[184 650]
3215,[184 640]
3216,[184 645]
3217,[184 645]
3218,[186 655]
3219,[184 656]
3220,[183 657]
3221,[180 649]
3222,[181 655]
3223,[180 649]
3224,[184 648]
3225,[183 656]
3226,[183 655]
3227,[181 650]
3228,[185 650]
3229,[185 653]
3230,[186 652]
3231,[184 649]
3232,[185 645]
3233,[189 650]
3234,[187 646]
3235,[189 652]
3236,[188 650]
3237,[184 648]
3238,[184 641]
3239,[182 646]
3240,[185 645]
3241,[186 640]
3242,[184 650]
3243,[184 648]
3244,[182 645]
3245,[180 639]
3246,[182 638]
3247,[181 639]
3248,[180 642]
3249,[180 636]
3250,[178 643]
3251,[182 639]
3252,[176 639]
3253,[179 641]
3254,[179 640]
3255,[183 646]
3256,[182 642]
3257,[185 641]
3258,[180 647]
3259,[183 643]
3260,[181 645]
3261,[181 637]
3262,[179 638]
3263,[178 634]
3264,[179 642]
3265,[178 645]
3266,[175 645]
3267,[177 639]
3268,[178 644]
3269,[177 642]
3270,[178 641]
3271,[175 639]
3272,[178 628]
3273,[175 628]
3274,[174 625]
3275,[176 622]
3276,[177 631]
3277,[175 637]
3278,[175 630]
3279,[169 640]
3280,[173 635]
3281,[168 639]
3282,[170 643]
3283,[169 639]
3284,[171 637]
3285,[174 643]
3286,[175 641]
3287,[172 632]
3288,[170 640]
3289,[169 636]
3290,[170 636]
3291,[170 652]
3292,[172 648]
3293,[173 647]
3294,[175 647]
3295,[176 650]
3296,[176 648]
3297,[177 651]
3298,[175 653]
3299,[176 653]
3300,[178 651]
3301,[179 648]
3302,[180 653]
3303,[183 653]
3304,[180 653]
3305,[179 657]
3306,[178 654]
3307,[177 661]
3308,[178 661]
3309,[179 651]
3310,[179 658]
3311,[179 661]
3312,[176 658]
3313,[176 651]
3314,[176 657]
3315,[178 657]
3316,[179 653]
3317,[176 652]
3318,[177 651]
3319,[176 646]
3320,[177 647]
3321,[177 655]
3322,[175 650]
3323,[178 654]
3324,[176 649]
3325,[178 653]
3326,[179 661]
3327,[175 663]
3328,[174 659]
3329,[175 655]
3330,[175 658]
3331,[174 660]
3332,[175 655]
3333,[173 657]
3334,[176 647]
3335,[173 649]
3336,[178 647]
3337,[174 644]
3338,[173 643]
3339,[172 646]
3340,[172 642]
3341,[174 644]
3342,[173 643]
3343,[175 651]
3344,[177 645]
3345,[172 649]
3346,[170 647]
3347,[172 650]
3348,[174 659]
3349,[175 652]
3350,[178 644]
3351,[178 639]
3352,[175 646]
3353,[176 650]
3354,[177 640]
3355,[175 639]
3356,[179 636]
3357,[179 645]
3358,[177 639]
3359,[177 644]
3360,[175 641]
3361,[177 638]
3362,[175 636]
3363,[174 633]
3364,[172 640]
3365,[172 643]
3366,[170 636]
3367,[173 644]
3368,[175 641]
3369,[176 636]
3370,[172 634]
3371,[172 634]
3372,[175 635]
3373,[175 644]
3374,[174 650]
3375,[176 644]
3376,[172 650]
3377,[174 643]
3378,[172 647]
3379,[173 648]
3380,[175 647]
3381,[176 638]
3382,[178 640]
3383,[180 648]
3384,[179 651]
3385,[177 644]
3386,[176 643]
3387,[177 646]
3388,[181 650]
3389,[178 650]
3390,[176 651]
3391,[179 657]
3392,[181 647]
3393,[178 643]
3394,[175 639]
3395,[179 645]
3396,[179 636]
3397,[179 642]
3398,[176 640]
3399,[178 644]
3400,[186 648]
3401,[182 645]
3402,[181 643]
3403,[180 642]
3404,[181 637]
3405,[180 636]
3406,[177 636]
3407,[177 633]
3408,[175 641]
3409,[179 639]
3410,[180 642]
3411,[180 640]
3412,[177 640]
3413,[172 642]
3414,[175 638]
3415,[179 634]
3416,[175 632]
3417,[176 635]
3418,[178 627]
3419,[178 632]
3420,[177 628]
3421,[181 636]
3422,[180 636]
3423,[178 634]
3424,[177 633]
3425,[176 636]
3426,[177 632]
3427,[180 633]
3428,[181 638]
3429,[180 643]
3430,[180 642]
3431,[179 635]
3432,[180 637]
3433,[175 638]
3434,[176 641]
3435,[175 642]
3436,[176 633]
3437,[178 646]
3438,[180 640]
3439,[180 645]
3440,[176 642]
3441,[177 639]
3442,[179 642]
3443,[179 644]
3444,[182 644]
3445,[178 646]
3446,[180 639]
3447,[179 640]
3448,[177 647]
3449,[181 644]
3450,[182 644]
3451,[181 652]
3452,[178 651]
3453,[179 654]
3454,[181 650]
3455,[181 653]
3456,[181 652]
3457,[182 649]
3458,[185 652]
3459,[186 659]
3460,[181 660]
3461,[184 654]
3462,[186 655]
3463,[184 657]
3464,[184 659]
3465,[185 649]
3466,[183 641]
3467,[182 636]
3468,[183 632]
3469,[183 627]
3470,[181 629]
3471,[181 628]
3472,[182 637]
3473,[181 637]
3474,[179 638]
3475,[176 638]
3476,[176 641]
3477,[178 641]
3478,[176 643]
3479,[175 637]
3480,[175 637]
3481,[176 638]
3482,[177 638]
3483,[176 635]
3484,[173 642]
3485,[172 639]
3486,[169 635]
3487,[166 639]
3488,[170 632]
3489,[171 627]
3490,[169 635]
3491,[172 626]
3492,[173 635]
3493,[176 632]
3494,[169 625]
3495,[170 633]
3496,[171 634]
3497,[173 638]
3498,[173 641]
3499,[175 637]
3500,[175 643]
3501,[177 642]
3502,[177 639]
3503,[175 645]
3504,[174 649]
3505,[175 661]
3506,[176 654]
3507,[177 652]
3508,[176 655]
3509,[175 653]
3510,[178 654]
3511,[180 658]
3512,[183 644]
3513,[182 654]
3514,[181 649]
3515,[186 657]
3516,[182 656]
3517,[187 658]
3518,[181 661]
3519,[181 655]
3520,[179 656]
3521,[181 654]
3522,[181 650]
3523,[183 647]
3524,[181 647]
3525,[181 643]
3526,[182 648]
3527,[182 654]
3528,[180 658]
3529,[183 652]
3530,[183 657]
3531,[187 655]
3532,[186 659]
3533,[185 660]
3534,[183 656]
3535,[183 654]
3536,[188 656]
3537,[183 655]
3538,[183 640]
3539,[180 648]
3540,[181 651]
3541,[185 649]
3542,[184 652]
3543,[186 651]
3544,[181 647]
3545,[179 649]
3546,[181 654]
3547,[180 653]
3548,[186 652]
3549,[180 656]
3550,[182 657]
3551,[181 657]
3552,[179 654]
3553,[178 659]
3554,[176 657]
3555,[179 652]
3556,[177 653]
3557,[180 653]
3558,[179 656]
3559,[183 661]
3560,[179 659]
3561,[179 655]
3562,[178 648]
3563,[178 651]
3564,[181 651]
3565,[185 648]
3566,[182 650]
3567,[186 652]
3568,[184 646]
3569,[175 649]
3570,[177 653]
3571,[174 649]
3572,[177 644]
3573,[180 644]
3574,[176 643]
3575,[173 639]
3576,[176 647]
3577,[174 638]
3578,[178 638]
3579,[176 635]
3580,[178 628]
3581,[176 643]
3582,[174 635]
3583,[176 638]
3584,[177 647]
3585,[177 645]
3586,[179 639]
3587,[176 644]
3588,[174 648]
3589,[173 645]
3590,[176 639]
3591,[177 641]
3592,[174 645]
3593,[172 643]
3594,[174 649]
3595,[176 641]
3596,[179 645]
3597,[179 649]
3598,[179 649]
3599,[174 647]
3600,[179 647]
3601,[175 644]
3602,[171 641]
3603,[171 652]
3604,[173 652]
3605,[176 649]
3606,[176 643]
3607,[174 649]
3608,[175 643]
3609,[175 650]
3610,[175 653]
3611,[175 657]
3612,[173 656]
3613,[174 651]
3614,[172 657]
3615,[173 661]
3616,[170 659]
3617,[168 655]
3618,[166 654]
3619,[169 646]
3620,[166 653]
3621,[166 654]
3622,[166 661]
3623,[170 669]
3624,[169 658]
3625,[167 657]
3626,[167 666]
3627,[167 661]
3628,[165 663]
3629,[166 661]
3630,[167 658]
3631,[165 652]
3632,[164 649]
3633,[162 649]
3634,[161 646]
3635,[166 651]
3636,[165 652]
3637,[168 648]
3638,[169 649]
3639,[171 643]
3640,[170 652]
3641,[166 650]
3642,[166 648]
3643,[164 649]
3644,[166 646]
3645,[166 652]
3646,[165 648]
3647,[162 642]
3648,[161 649]
3649,[163 644]
3650,[164 652]
3651,[165 649]
3652,[163 643]
3653,[164 637]
3654,[167 637]
3655,[166 647]
3656,[169 644]
3657,[164 652]
3658,[169 650]
3659,[170 652]
3660,[170 646]
3661,[164 653]
3662,[170 656]
3663,[168 648]
3664,[165 652]
3665,[167 644]
3666,[172 645]
3667,[167 651]
3668,[167 650]
3669,[170 654]
3670,[170 660]
3671,[171 656]
3672,[165 648]
3673,[169 640]
3674,[164 641]
3675,[165 644]
3676,[171 644]
3677,[167 641]
3678,[168 637]
3679,[167 642]
3680,[171 645]
3681,[170 652]
3682,[171 647]
3683,[169 652]
3684,[169 647]
3685,[165 651]
3686,[167 640]
3687,[168 645]
3688,[172 653]
3689,[170 653]
3690,[167 650]
3691,[170 650]
3692,[173 650]
3693,[171 647]
3694,[171 639]
3695,[167 637]
3696,[163 640]
3697,[164 641]
3698,[164 642]
3699,[163 637]
3700,[163 645]
3701,[167 643]
3702,[166 632]
3703,[165 643]
3704,[168 643]
3705,[167 649]
3706,[168 653]
3707,[170 651]
3708,[172 648]
3709,[170 649]
3710,[168 640]
3711,[168 642]
3712,[171 639]
3713,[172 642]
3714,[174 642]
3715,[172 646]
3716,[174 640]
3717,[175 643]
3718,[175 650]
3719,[171 642]
3720,[171 656]
3721,[175 644]
3722,[177 649]
3723,[176 654]
3724,[177 646]
3725,[175 648]
3726,[173 648]
3727,[174 652]
3728,[175 654]
3729,[172 655]
3730,[176 649]
3731,[174 651]
3732,[177 643]
3733,[174 648]
3734,[173 646]
3735,[172 654]
3736,[171 651]
3737,[173 642]
3738,[171 640]
3739,[169 641]
3740,[169 636]
3741,[167 642]
3742,[172 644]
3743,[171 634]
3744,[171 637]
3745,[171 644]
3746,[170 646]
3747,[168 648]
3748,[170 645]
3749,[170 638]
3750,[170 642]
3751,[171 648]
3752,[169 647]
3753,[172 653]
3754,[169 649]
3755,[168 648]
3756,[166 649]
3757,[169 650]
3758,[165 647]
3759,[168 643]
3760,[168 642]
3761,[167 637]
3762,[171 645]
3763,[172 650]
3764,[172 644]
3765,[174 650]
3766,[173 646]
3767,[172 637]
3768,[172 648]
3769,[173 657]
3770,[172 648]
3771,[173 646]
3772,[172 645]
3773,[172 636]
3774,[172 638]
3775,[171 634]
3776,[172 642]
3777,[171 647]
3778,[170 640]
3779,[170 637]
3780,[170 641]
3781,[170 645]
3782,[170 644]
3783,[172 648]
3784,[172 650]
3785,[168 645]
3786,[168 643]
3787,[168 647]
3788,[170 642]
3789,[170 646]
3790,[171 647]
3791,[169 644]
3792,[169 644]
3793,[169 647]
3794,[169 647]
3795,[166 645]
3796,[165 638]
3797,[164 640]
3798,[167 643]
3799,[164 649]
3800,[165 644]
3801,[165 651]
3802,[166 647]
3803,[166 650]
3804,[168 651]
3805,[167 654]
3806,[166 651]
3807,[167 652]
3808,[169 657]
3809,[169 649]
3810,[167 648]
3811,[168 646]
3812,[169 647]
3813,[168 650]
3814,[169 643]
3815,[166 650]
3816,[168 652]
3817,[166 665]
3818,[166 667]
3819,[167 654]
3820,[169 658]
3821,[170 649]
3822,[168 662]
3823,[168 658]
3824,[165 654]
3825,[167 651]
3826,[164 654]
3827,[166 655]
3828,[166 656]
3829,[163 661]
3830,[164 654]
3831,[163 648]
3832,[167 650]
3833,[168 648]
3834,[167 645]
3835,[167 648]
3836,[165 643]
3837,[164 649]
3838,[165 647]
3839,[160 645]
3840,[160 643]
3841,[162 647]
3842,[164 648]
3843,[164 648]
3844,[164 646]
3845,[166 646]
3846,[166 655]
3847,[167 654]
3848,[169 646]
3849,[169 632]
3850,[169 641]
3851,[169 639]
3852,[169 649]
3853,[165 649]
3854,[169 649]
3855,[166 645]
3856,[171 647]
3857,[169 641]
3858,[168 646]
3859,[168 654]
3860,[171 649]
3861,[170 651]
3862,[166 653]
3863,[169 655]
3864,[167 650]
3865,[170 656]
3866,[168 658]
3867,[168 664]
3868,[169 657]
3869,[168 655]
3870,[168 661]
3871,[168 653]
3872,[172 649]
3873,[172 651]
3874,[172 660]
3875,[168 667]
3876,[170 657]
3877,[167 652]
3878,[166 657]
3879,[167 657]
3880,[165 658]
3881,[170 658]
3882,[169 656]
3883,[170 659]
3884,[169 659]
3885,[167 657]
3886,[171 653]
3887,[167 651]
3888,[171 644]
3889,[170 648]
3890,[171 651]
3891,[170 636]
3892,[167 635]
3893,[167 636]
3894,[170 647]
3895,[170 647]
3896,[168 649]
3897,[171 652]
3898,[168 653]
3899,[168 654]
3900,[166 657]
3901,[169 658]
3902,[169 655]
3903,[170 651]
3904,[167 656]
3905,[170 660]
3906,[169 657]
3907,[169 654]
3908,[172 655]
3909,[170 655]
3910,[169 656]
3911,[173 652]
3912,[173 655]
3913,[172 661]
3914,[170 658]
3915,[173 663]
3916,[172 657]
3917,[170 657]
3918,[174 652]
3919,[172 655]
3920,[172 659]
3921,[174 651]
3922,[172 660]
3923,[169 659]
3924,[168 659]
3925,[169 666]
3926,[166 661]
3927,[167 664]
3928,[162 665]
3929,[165 671]
3930,[163 663]
3931,[161 660]
3932,[162 664]
3933,[162 665]
3934,[165 663]
3935,[161 665]
3936,[164 664]
3937,[165 660]
3938,[165 664]
3939,[164 663]
3940,[162 652]
3941,[162 650]
3942,[161 649]
3943,[165 655]
3944,[162 657]
3945,[163 658]
3946,[166 665]
3947,[168 659]
3948,[167 663]
3949,[168 657]
3950,[170 646]
3951,[170 646]
3952,[168 655]
3953,[167 649]
3954,[168 647]
3955,[168 654]
3956,[172 655]
3957,[176 653]
3958,[173 654]
3959,[173 653]
3960,[172 647]
3961,[172 657]
3962,[171 659]
3963,[171 656]
3964,[170 653]
3965,[169 659]
3966,[168 652]
3967,[170 658]
3968,[171 654]
3969,[171 652]
3970,[174 656]
3971,[170 659]
3972,[176 670]
3973,[176 662]
3974,[174 660]
3975,[174 655]
3976,[169 659]
3977,[170 669]
3978,[173 668]
3979,[174 667]
3980,[174 665]
3981,[174 667]
3982,[173 663]
3983,[175 655]
3984,[173 655]
3985,[172 666]
3986,[170 659]
3987,[171 658]
3988,[168 659]
3989,[167 662]
3990,[165 667]
3991,[166 662]
3992,[166 659]
3993,[166 652]
3994,[169 655]
3995,[168 649]
3996,[168 648]
3997,[170 656]
3998,[170 662]
3999,[170 657]
4000,[170 657]
4001,[170 656]
4002,[168 648]
4003,[164 655]
4004,[166 643]
4005,[167 649]
4006,[168 650]
4007,[166 650]
4008,[167 644]
4009,[167 648]
4010,[165 649]
4011,[167 653]
4012,[166 651]
4013,[167 656]
4014,[168 656]
4015,[162 656]
4016,[165 649]
4017,[166 657]
4018,[162 653]
4019,[161 651]
4020,[162 653]
4021,[164 652]
4022,[165 649]
4023,[163 652]
4024,[164 649]
4025,[166 649]
4026,[164 648]
4027,[164 647]
4028,[164 648]
4029,[165 647]
4030,[161 649]
4031,[164 653]
4032,[163 642]
4033,[164 653]
4034,[167 650]
4035,[166 657]
4036,[168 649]
4037,[169 651]
4038,[166 648]
4039,[162 648]
4040,[164 650]
4041,[163 651]
4042,[163 651]
4043,[162 649]
4044,[164 652]
4045,[163 649]
4046,[162 655]
4047,[163 649]
4048,[158 657]
4049,[161 653]
4050,[161 654]
4051,[159 656]
4052,[161 660]
4053,[160 657]
4054,[159 655]
4055,[162 659]
4056,[162 660]
4057,[160 665]
4058,[160 666]
4059,[158 670]
4060,[160 667]
4061,[159 669]
4062,[158 671]
4063,[159 665]
4064,[162 664]
4065,[160 664]
4066,[164 667]
4067,[162 660]
4068,[160 659]
4069,[157 648]
4070,[158 650]
4071,[157 648]
4072,[160 654]
4073,[161 661]
4074,[158 656]
4075,[156 645]
4076,[158 655]
4077,[157 654]
4078,[155 655]
4079,[155 646]
4080,[153 654]
4081,[156 654]
4082,[157 654]
4083,[155 658]
4084,[155 654]
4085,[154 647]
4086,[157 656]
4087,[158 659]
4088,[157 655]
4089,[153 643]
4090,[152 650]
4091,[153 645]
4092,[152 649]
4093,[153 648]
4094,[155 649]
4095,[155 650]
4096,[155 651]
4097,[156 651]
4098,[157 655]
4099,[159 653]
4100,[157 657]
4101,[157 655]
4102,[159 648]
4103,[156 654]
4104,[157 649]
4105,[156 657]
4106,[154 653]
4107,[152 652]
4108,[154 647]
4109,[155 651]
4110,[155 650]
4111,[160 650]
4112,[156 650]
4113,[157 651]
4114,[155 654]
4115,[154 649]
4116,[153 656]
4117,[155 648]
4118,[154 656]
4119,[156 647]
4120,[154 650]
4121,[156 650]
4122,[151 656]
4123,[153 655]
4124,[155 656]
4125,[154 658]
4126,[156 660]
4127,[157 661]
4128,[156 651]
4129,[154 654]
4130,[156 654]
4131,[157 648]
4132,[155 654]
4133,[152 653]
4134,[151 660]
4135,[153 663]
4136,[154 649]
4137,[156 644]
4138,[155 649]
4139,[155 643]
4140,[153 647]
4141,[156 643]
4142,[154 648]
4143,[153 648]
4144,[153 656]
4145,[157 654]
4146,[155 652]
4147,[160 648]
4148,[155 644]
4149,[158 638]
4150,[159 643]
4151,[155 642]
4152,[154 638]
4153,[153 648]
4154,[152 648]
4155,[154 651]
4156,[155 649]
4157,[156 650]
4158,[152 650]
4159,[154 651]
4160,[153 655]
4161,[159 653]
4162,[155 649]
4163,[152 647]
4164,[153 648]
4165,[153 644]
4166,[150 651]
4167,[152 648]
4168,[151 653]
4169,[150 657]
4170,[149 653]
4171,[154 652]
4172,[153 647]
4173,[152 653]
4174,[155 649]
4175,[155 648]
4176,[155 647]
4177,[153 651]
4178,[154 656]
4179,[154 649]
4180,[149 644]
4181,[149 660]
4182,[152 665]
4183,[151 644]
4184,[152 651]
4185,[152 650]
4186,[150 651]
4187,[150 659]
4188,[151 651]
4189,[151 652]
4190,[154 656]
4191,[153 650]
4192,[149 650]
4193,[150 650]
4194,[155 648]
4195,[153 649]
4196,[153 657]
4197,[151 657]
4198,[150 655]
4199,[153 654]
4200,[155 658]
4201,[156 657]
4202,[154 651]
4203,[157 658]
4204,[155 657]
4205,[158 647]
4206,[160 646]
4207,[160 645]
4208,[163 644]
4209,[162 645]
4210,[163 642]
4211,[164 639]
4212,[160 640]
4213,[157 644]
4214,[157 646]
4215,[156 643]
4216,[156 640]
4217,[154 637]
4218,[151 644]
4219,[153 652]
4220,[154 647]
4221,[153 650]
4222,[153 649]
4223,[151 658]
4224,[153 660]
4225,[154 652]
4226,[152 654]
4227,[152 651]
4228,[150 656]
4229,[152 654]
4230,[152 650]
4231,[150 659]
4232,[151 667]
4233,[148 673]
4234,[149 665]
4235,[151 666]
4236,[149 664]
4237,[152 665]
4238,[151 665]
4239,[148 660]
4240,[150 656]
4241,[151 666]
4242,[154 662]
4243,[153 660]
4244,[153 652]
4245,[155 657]
4246,[159 660]
4247,[157 650]
4248,[161 652]
4249,[157 647]
4250,[161 647]
4251,[159 643]
4252,[156 646]
4253,[155 643]
4254,[155 652]
4255,[156 653]
4256,[154 652]
4257,[152 652]
4258,[153 650]
4259,[155 645]
4260,[159 642]
4261,[152 647]
4262,[156 645]
4263,[155 644]
4264,[152 643]
4265,[154 650]
4266,[155 654]
4267,[153 648]
4268,[155 649]
4269,[158 647]
4270,[158 651]
4271,[159 652]
4272,[159 645]
4273,[155 660]
4274,[155 653]
4275,[157 652]
4276,[154 658]
4277,[155 660]
4278,[157 652]
4279,[153 652]
4280,[152 659]
4281,[150 656]
4282,[151 650]
4283,[154 652]
4284,[151 659]
4285,[151 658]
4286,[149 658]
4287,[153 656]
4288,[152 655]
4289,[153 654]
4290,[151 660]
4291,[153 657]
4292,[157 653]
4293,[158 653]
4294,[160 657]
4295,[162 657]
4296,[157 659]
4297,[157 657]
4298,[156 654]
4299,[155 658]
4300,[158 665]
4301,[160 660]
4302,[157 660]
4303,[156 667]
4304,[154 660]
4305,[152 657]
4306,[152 658]
4307,[153 658]
4308,[149 660]
4309,[151 666]
4310,[151 663]
4311,[149 660]
4312,[152 666]
4313,[147 660]
4314,[149 655]
4315,[146 652]
4316,[144 666]
4317,[145 671]
4318,[146 664]
4319,[146 661]
4320,[148 670]
4321,[150 672]
4322,[150 672]
4323,[149 660]
4324,[148 661]
4325,[148 665]
4326,[148 668]
4327,[150 661]
4328,[152 659]
4329,[149 661]
4330,[148 670]
4331,[150 670]
4332,[146 674]
4333,[147 674]
4334,[147 665]
4335,[149 668]
4336,[153 671]
4337,[149 666]
4338,[151 672]
4339,[149 666]
4340,[148 666]
4341,[152 667]
4342,[151 677]
4343,[152 679]
4344,[151 685]
4345,[151 672]
4346,[150 667]
4347,[148 673]
4348,[146 668]
4349,[149 668]
4350,[145 674]
4351,[147 678]
4352,[147 685]
4353,[147 676]
4354,[151 670]
4355,[146 672]
4356,[147 674]
4357,[147 668]
4358,[147 669]
4359,[148 662]
4360,[149 669]
4361,[147 664]
4362,[146 663]
4363,[148 671]
4364,[150 671]
4365,[150 672]
4366,[147 671]
4367,[149 676]
4368,[147 675]
4369,[147 675]
4370,[145 664]
4371,[144 672]
4372,[145 672]
4373,[147 679]
4374,[142 672]
4375,[145 667]
4376,[144 664]
4377,[146 672]
4378,[143 672]
4379,[146 663]
4380,[148 666]
4381,[148 661]
4382,[146 659]
4383,[148 664]
4384,[147 664]
4385,[142 663]
4386,[146 665]
4387,[147 667]
4388,[149 667]
4389,[146 669]
4390,[145 668]
4391,[144 671]
4392,[145 671]
4393,[146 660]
4394,[147 657]
4395,[146 657]
4396,[147 663]
4397,[146 666]
4398,[150 663]
4399,[147 660]
4400,[147 654]
4401,[147 660]
4402,[146 666]
4403,[152 657]
4404,[151 661]
4405,[148 659]
4406,[151 663]
4407,[151 671]
4408,[150 671]
4409,[148 670]
4410,[143 663]
4411,[146 662]
4412,[147 666]
4413,[147 662]
4414,[143 657]
4415,[147 667]
4416,[146 663]
4417,[147 665]
4418,[148 675]
4419,[143 667]
4420,[146 666]
4421,[142 668]
4422,[145 658]
4423,[147 667]
4424,[144 663]
4425,[143 663]
4426,[142 666]
4427,[144 671]
4428,[147 663]
4429,[142 662]
4430,[144 659]
4431,[144 657]
4432,[143 651]
4433,[141 654]
4434,[144 655]
4435,[140 653]
4436,[144 661]
4437,[144 655]
4438,[143 657]
4439,[143 661]
4440,[139 663]
4441,[139 661]
4442,[136 663]
4443,[138 664]
4444,[141 670]
4445,[144 665]
4446,[144 666]
4447,[146 668]
4448,[144 666]
4449,[142 673]
4450,[147 666]
4451,[149 665]
4452,[147 666]
4453,[144 671]
4454,[146 666]
4455,[144 666]
4456,[145 669]
4457,[142 669]
4458,[141 658]
4459,[141 672]
4460,[143 677]
4461,[144 674]
4462,[145 680]
4463,[144 674]
4464,[145 678]
4465,[143 673]
4466,[143 680]
4467,[143 679]
4468,[146 683]
4469,[143 686]
4470,[145 684]
4471,[144 691]
4472,[143 683]
4473,[148 686]
4474,[146 691]
4475,[147 692]
4476,[151 689]
4477,[151 680]
4478,[150 682]
4479,[147 689]
4480,[146 679]
4481,[146 683]
4482,[146 685]
4483,[145 687]
4484,[142 686]
4485,[142 692]
4486,[144 684]
4487,[140 685]
4488,[141 687]
4489,[141 679]
4490,[138 673]
4491,[140 674]
4492,[139 686]
4493,[136 689]
4494,[140 680]
4495,[139 692]
4496,[140 683]
4497,[139 686]
4498,[133 687]
4499,[137 682]
4500,[141 679]
4501,[140 686]
4502,[139 693]
4503,[138 701]
4504,[141 692]
4505,[141 692]
4506,[137 694]
4507,[140 688]
4508,[137 687]
4509,[137 697]
4510,[136 713]
4511,[136 700]
4512,[140 692]
4513,[139 694]
4514,[141 697]
4515,[141 703]
4516,[142 702]
4517,[142 705]
4518,[145 713]
4519,[140 711]
4520,[143 702]
4521,[143 714]
4522,[139 706]
4523,[143 707]
4524,[145 702]
4525,[141 696]
4526,[138 701]
4527,[137 694]
4528,[141 698]
4529,[139 697]
4530,[139 700]
4531,[139 700]
4532,[139 698]
4533,[139 704]
4534,[141 700]
4535,[143 701]
4536,[142 697]
4537,[143 702]
4538,[143 695]
4539,[141 701]
4540,[140 696]
4541,[142 699]
4542,[140 703]
4543,[141 713]
4544,[140 706]
4545,[143 709]
4546,[143 708]
4547,[144 710]
4548,[140 707]
4549,[140 701]
4550,[137 707]
4551,[137 702]
4552,[136 701]
4553,[138 704]
4554,[140 699]
4555,[140 709]
4556,[141 708]
4557,[142 710]
4558,[144 709]
4559,[141 704]
4560,[141 703]
4561,[138 695]
4562,[137 706]
4563,[138 705]
4564,[138 706]
4565,[136 706]
4566,[139 704]
4567,[136 705]
4568,[136 703]
4569,[139 694]
4570,[138 699]
4571,[139 705]
4572,[145 702]
4573,[145 699]
4574,[145 698]
4575,[146 699]
4576,[145 698]
4577,[149 703]
4578,[148 700]
4579,[145 695]
4580,[143 695]
4581,[142 692]
4582,[144 696]
4583,[142 700]
4584,[142 694]
4585,[141 705]
4586,[143 702]
4587,[145 704]
4588,[147 699]
4589,[147 695]
4590,[145 690]
4591,[145 686]
4592,[144 689]
4593,[144 687]
4594,[142 688]
4595,[146 693]
4596,[142 682]
4597,[144 680]
4598,[147 683]
4599,[147 692]
4600,[146 694]
4601,[148 690]
4602,[142 699]
4603,[141 693]
4604,[142 694]
4605,[141 690]
4606,[143 697]
4607,[143 699]
4608,[145 700]
4609,[141 705]
4610,[140 703]
4611,[144 705]
4612,[147 700]
4613,[143 700]
4614,[142 691]
4615,[143 692]
4616,[144 696]
4617,[144 700]
4618,[146 699]
4619,[146 697]
4620,[145 696]
4621,[142 691]
4622,[141 690]
4623,[142 690]
4624,[141 688]
4625,[145 700]
4626,[145 697]
4627,[144 689]
4628,[139 685]
4629,[139 683]
4630,[139 689]
4631,[139 696]
4632,[137 682]
4633,[141 687]
4634,[143 678]
4635,[140 687]
4636,[140 693]
4637,[142 688]
4638,[140 695]
4639,[138 692]
4640,[138 692]
4641,[140 704]
4642,[139 698]
4643,[142 691]
4644,[140 697]
4645,[133 695]
4646,[136 695]
4647,[136 691]
4648,[140 696]
4649,[138 693]
4650,[139 697]
4651,[141 684]
4652,[138 679]
4653,[140 684]
4654,[141 681]
4655,[141 684]
4656,[140 684]
4657,[139 690]
4658,[136 683]
4659,[137 690]
4660,[137 691]
4661,[135 701]
4662,[134 699]
4663,[136 693]
4664,[138 687]
4665,[136 694]
4666,[138 693]
4667,[136 688]
4668,[140 681]
4669,[142 680]
4670,[141 684]
4671,[138 685]
4672,[139 684]
4673,[140 687]
4674,[140 687]
4675,[139 690]
4676,[141 691]
4677,[140 690]
4678,[141 693]
4679,[143 694]
4680,[143 699]
4681,[141 706]
4682,[139 702]
4683,[141 711]
4684,[138 702]
4685,[137 701]
4686,[138 695]
4687,[143 692]
4688,[143 692]
4689,[140 687]
4690,[143 694]
4691,[140 692]
4692,[141 692]
4693,[143 691]
4694,[142 691]
4695,[142 694]
4696,[141 696]
4697,[140 693]
4698,[139 696]
4699,[141 695]
4700,[138 689]
4701,[136 690]
4702,[139 699]
4703,[135 703]
4704,[135 707]
4705,[140 707]
4706,[138 704]
4707,[136 702]
4708,[137 694]
4709,[134 701]
4710,[135 698]
4711,[137 702]
4712,[136 701]
4713,[135 710]
4714,[135 707]
4715,[134 703]
4716,[133 711]
4717,[134 706]
4718,[133 707]
4719,[135 712]
4720,[134 706]
4721,[131 709]
4722,[133 709]
4723,[131 711]
4724,[131 708]
4725,[130 709]
4726,[133 703]
4727,[133 696]
4728,[132 694]
4729,[133 710]
4730,[131 713]
4731,[131 714]
4732,[132 712]
4733,[134 719]
4734,[133 709]
4735,[131 711]
4736,[132 702]
4737,[133 711]
4738,[130 715]
4739,[132 714]
4740,[131 708]
4741,[134 708]
4742,[132 711]
4743,[133 709]
4744,[129 706]
4745,[130 708]
4746,[132 702]
4747,[132 710]
4748,[133 709]
4749,[132 703]
4750,[129 710]
4751,[128 701]
4752,[128 709]
4753,[129 711]
4754,[128 712]
4755,[134 707]
4756,[132 703]
4757,[130 700]
4758,[130 697]
4759,[134 702]
4760,[131 698]
4761,[130 701]
4762,[129 699]
4763,[130 695]
4764,[131 694]
4765,[132 698]
4766,[132 708]
4767,[133 709]
4768,[135 701]
4769,[132 697]
4770,[131 697]
4771,[135 704]
4772,[131 709]
4773,[135 708]
4774,[135 704]
4775,[132 704]
4776,[134 706]
4777,[130 711]
4778,[133 707]
4779,[134 705]
4780,[131 712]
4781,[131 709]
4782,[130 709]
4783,[130 701]
4784,[127 710]
4785,[125 707]
4786,[126 711]
4787,[127 716]
4788,[125 708]
4789,[126 705]
4790,[125 705]
4791,[126 707]
4792,[128 709]
4793,[129 702]
4794,[130 701]
4795,[129 704]
4796,[127 704]
4797,[129 703]
4798,[127 702]
4799,[134 700]
4800,[130 701]
4801,[130 709]
4802,[130 700]
4803,[132 707]
4804,[131 701]
4805,[131 699]
4806,[137 706]
4807,[136 708]
4808,[131 704]
4809,[131 696]
4810,[128 700]
4811,[129 704]
4812,[131 707]
4813,[134 705]
4814,[133 711]
4815,[135 705]
4816,[132 699]
4817,[132 691]
4818,[129 696]
4819,[131 705]
4820,[131 701]
4821,[134 700]
4822,[134 700]
4823,[131 707]
4824,[136 699]
4825,[135 698]
4826,[136 695]
4827,[133 691]
4828,[135 698]
4829,[136 697]
4830,[134 688]
4831,[132 698]
4832,[132 695]
4833,[129 698]
4834,[131 698]
4835,[131 698]
4836,[131 701]
4837,[130 694]
4838,[130 694]
4839,[132 695]
4840,[134 701]
4841,[134 696]
4842,[133 698]
4843,[133 697]
4844,[133 693]
4845,[130 693]
4846,[129 699]
4847,[127 702]
4848,[126 699]
4849,[124 696]
4850,[129 699]
4851,[126 699]
4852,[128 697]
4853,[128 704]
4854,[129 697]
4855,[130 702]
4856,[129 700]
4857,[132 714]
4858,[132 704]
4859,[131 698]
4860,[130 699]
4861,[132 696]
4862,[132 700]
4863,[131 702]
4864,[133 700]
4865,[132 707]
4866,[133 699]
4867,[131 695]
4868,[131 702]
4869,[131 700]
4870,[133 706]
4871,[133 700]
4872,[134 697]
4873,[132 699]
4874,[134 698]
4875,[133 698]
4876,[131 698]
4877,[133 701]
4878,[132 693]
4879,[134 690]
4880,[134 691]
4881,[133 688]
4882,[132 688]
4883,[133 686]
4884,[132 691]
4885,[132 692]
4886,[133 690]
4887,[134 686]
4888,[133 697]
4889,[133 698]
4890,[129 689]
4891,[128 699]
4892,[127 696]
4893,[125 695]
4894,[129 698]
4895,[133 697]
4896,[134 689]
4897,[135 679]
4898,[132 680]
4899,[132 691]
4900,[132 687]
4901,[134 694]
4902,[132 690]
4903,[134 692]
4904,[131 692]
4905,[133 694]
4906,[132 700]
4907,[135 702]
4908,[134 701]
4909,[135 703]
4910,[135 707]
4911,[132 701]
4912,[131 703]
4913,[130 696]
4914,[134 695]
4915,[135 701]
4916,[133 698]
4917,[132 697]
4918,[132 697]
4919,[133 703]
4920,[133 703]
4921,[133 700]
4922,[136 701]
4923,[132 704]
4924,[133 705]
4925,[133 697]
4926,[132 697]
4927,[131 704]
4928,[133 704]
4929,[134 705]
4930,[134 711]
4931,[137 709]
4932,[134 710]
4933,[135 715]
4934,[135 710]
4935,[133 703]
4936,[135 705]
4937,[134 707]
4938,[131 714]
4939,[133 713]
4940,[129 714]
4941,[133 703]
4942,[133 709]
4943,[133 699]
4944,[132 708]
4945,[128 711]
4946,[132 717]
4947,[131 716]
4948,[132 704]
4949,[131 707]
4950,[127 704]
4951,[126 712]
4952,[126 714]
4953,[126 705]
4954,[130 704]
4955,[126 711]
4956,[129 705]
4957,[129 714]
4958,[130 707]
4959,[134 709]
4960,[133 701]
4961,[132 706]
4962,[134 709]
4963,[129 709]
4964,[130 706]
4965,[131 699]
4966,[129 700]
4967,[126 703]
4968,[128 708]
4969,[127 704]
4970,[125 702]
4971,[128 698]
4972,[125 699]
4973,[125 694]
4974,[128 688]
4975,[129 694]
4976,[130 698]
4977,[131 696]
4978,[127 690]
4979,[126 696]
4980,[126 698]
4981,[131 698]
4982,[132 696]
4983,[133 692]
4984,[132 691]
4985,[132 689]
4986,[131 692]
4987,[131 692]
4988,[129 695]
4989,[129 686]
4990,[132 698]
4991,[133 703]
4992,[130 699]
4993,[128 690]
4994,[130 694]
4995,[129 698]
4996,[127 703]
4997,[129 696]
4998,[132 690]
4999,[127 699]
