,fcs_region
0,1.0
1,3.0
2,2.0
3,1.0
4,0.0
5,3.0
6,4.0
7,6.0
8,8.0
9,8.0
10,7.0
11,5.0
12,4.0
13,4.0
14,2.0
15,4.0
16,6.0
17,5.0
18,4.0
19,5.0
20,2.0
21,5.0
22,2.0
23,3.0
24,2.0
25,3.0
26,2.0
27,2.0
28,1.0
29,4.0
30,4.0
31,5.0
32,5.0
33,6.0
34,7.0
35,2.0
36,1.0
37,2.0
38,1.0
39,1.0
40,4.0
41,5.0
42,4.0
43,3.0
44,4.0
45,4.0
46,5.0
47,7.0
48,6.0
49,3.0
50,4.0
51,0.0
52,1.0
53,2.0
54,3.0
55,6.0
56,4.0
57,4.0
58,6.0
59,4.0
60,2.0
61,4.0
62,2.0
63,5.0
64,2.0
65,6.0
66,4.0
67,2.0
68,2.0
69,5.0
70,5.0
71,3.0
72,4.0
73,4.0
74,4.0
75,4.0
76,5.0
77,3.0
78,1.0
79,2.0
80,2.0
81,3.0
82,4.0
83,5.0
84,3.0
85,3.0
86,2.0
87,7.0
88,3.0
89,5.0
90,5.0
91,3.0
92,3.0
93,4.0
94,0.0
95,3.0
96,2.0
97,1.0
98,2.0
99,3.0
100,3.0
101,4.0
102,3.0
103,7.0
104,6.0
105,7.0
106,5.0
107,4.0
108,4.0
109,6.0
110,5.0
111,4.0
112,4.0
113,4.0
114,3.0
115,1.0
116,2.0
117,1.0
118,2.0
119,3.0
120,2.0
121,6.0
122,4.0
123,4.0
124,5.0
125,3.0
126,5.0
127,7.0
128,1.0
129,2.0
130,4.0
131,5.0
132,2.0
133,2.0
134,3.0
135,2.0
136,4.0
137,5.0
138,1.0
139,4.0
140,5.0
141,3.0
142,4.0
143,2.0
144,4.0
145,2.0
146,4.0
147,2.0
148,2.0
149,2.0
150,4.0
151,6.0
152,5.0
153,3.0
154,2.0
155,1.0
156,5.0
157,2.0
158,7.0
159,5.0
160,3.0
161,2.0
162,4.0
163,5.0
164,4.0
165,3.0
166,4.0
167,3.0
168,3.0
169,5.0
170,6.0
171,8.0
172,7.0
173,7.0
174,5.0
175,6.0
176,3.0
177,3.0
178,6.0
179,8.0
180,9.0
181,6.0
182,7.0
183,7.0
184,6.0
185,4.0
186,7.0
187,7.0
188,7.0
189,4.0
190,1.0
191,0.0
192,2.0
193,1.0
194,2.0
195,3.0
196,0.0
197,1.0
198,3.0
199,5.0
200,5.0
201,7.0
202,5.0
203,6.0
204,10.0
205,4.0
206,7.0
207,5.0
208,3.0
209,6.0
210,5.0
211,2.0
212,3.0
213,3.0
214,5.0
215,4.0
216,2.0
217,1.0
218,0.0
219,2.0
220,4.0
221,3.0
222,3.0
223,4.0
224,3.0
225,3.0
226,3.0
227,5.0
228,4.0
229,2.0
230,3.0
231,2.0
232,1.0
233,1.0
234,2.0
235,8.0
236,3.0
237,5.0
238,3.0
239,0.0
240,1.0
241,2.0
242,3.0
243,4.0
244,4.0
245,4.0
246,6.0
247,8.0
248,3.0
249,4.0
250,3.0
251,2.0
252,2.0
253,3.0
254,3.0
255,3.0
256,2.0
257,2.0
258,4.0
259,3.0
260,3.0
261,4.0
262,5.0
263,1.0
264,4.0
265,3.0
266,3.0
267,6.0
268,4.0
269,5.0
270,6.0
271,8.0
272,7.0
273,3.0
274,4.0
275,4.0
276,3.0
277,1.0
278,3.0
279,3.0
280,1.0
281,3.0
282,3.0
283,2.0
284,4.0
285,6.0
286,4.0
287,3.0
288,5.0
289,4.0
290,3.0
291,2.0
292,5.0
293,4.0
294,4.0
295,4.0
296,3.0
297,5.0
298,4.0
299,4.0
300,4.0
301,3.0
302,6.0
303,8.0
304,4.0
305,2.0
306,2.0
307,3.0
308,4.0
309,2.0
310,3.0
311,2.0
312,3.0
313,3.0
314,3.0
315,6.0
316,4.0
317,6.0
318,8.0
319,8.0
320,7.0
321,3.0
322,4.0
323,2.0
324,1.0
325,3.0
326,1.0
327,1.0
328,3.0
329,4.0
330,3.0
331,1.0
332,1.0
333,3.0
334,2.0
335,1.0
336,2.0
337,3.0
338,3.0
339,1.0
340,2.0
341,1.0
342,1.0
343,2.0
344,4.0
345,4.0
346,3.0
347,4.0
348,6.0
349,5.0
350,3.0
351,4.0
352,3.0
353,5.0
354,7.0
355,7.0
356,7.0
357,7.0
358,5.0
359,4.0
360,5.0
361,4.0
362,5.0
363,3.0
364,2.0
365,3.0
366,3.0
367,6.0
368,2.0
369,3.0
370,7.0
371,5.0
372,4.0
373,2.0
374,2.0
375,3.0
376,2.0
377,1.0
378,4.0
379,4.0
380,2.0
381,4.0
382,6.0
383,3.0
384,3.0
385,4.0
386,2.0
387,3.0
388,5.0
389,5.0
390,5.0
391,1.0
392,2.0
393,4.0
394,3.0
395,3.0
396,4.0
397,3.0
398,3.0
399,3.0
400,3.0
401,3.0
402,6.0
403,3.0
404,3.0
405,3.0
406,4.0
407,6.0
408,4.0
409,4.0
410,3.0
411,1.0
412,3.0
413,1.0
414,2.0
415,3.0
416,1.0
417,2.0
418,4.0
419,5.0
420,3.0
421,5.0
422,3.0
423,3.0
424,1.0
425,3.0
426,3.0
427,3.0
428,3.0
429,4.0
430,3.0
431,2.0
432,2.0
433,2.0
434,0.0
435,3.0
436,2.0
437,3.0
438,3.0
439,3.0
440,1.0
441,3.0
442,1.0
443,4.0
444,3.0
445,3.0
446,4.0
447,3.0
448,4.0
449,2.0
450,4.0
451,3.0
452,1.0
453,1.0
454,3.0
455,4.0
456,3.0
457,2.0
458,5.0
459,4.0
460,6.0
461,3.0
462,3.0
463,2.0
464,3.0
465,3.0
466,5.0
467,1.0
468,2.0
469,3.0
470,1.0
471,1.0
472,1.0
473,3.0
474,5.0
475,4.0
476,2.0
477,5.0
478,2.0
479,2.0
480,3.0
481,4.0
482,2.0
483,3.0
484,4.0
485,3.0
486,0.0
487,2.0
488,4.0
489,5.0
490,2.0
491,4.0
492,6.0
493,0.0
494,2.0
495,3.0
496,3.0
497,4.0
498,4.0
499,4.0
500,4.0
501,2.0
502,4.0
503,5.0
504,6.0
505,6.0
506,7.0
507,7.0
508,6.0
509,3.0
510,4.0
511,7.0
512,3.0
513,3.0
514,6.0
515,7.0
516,9.0
517,2.0
518,4.0
519,4.0
520,5.0
521,3.0
522,1.0
523,3.0
524,2.0
525,3.0
526,3.0
527,1.0
528,4.0
529,6.0
530,5.0
531,3.0
532,2.0
533,2.0
534,2.0
535,2.0
536,1.0
537,3.0
538,2.0
539,3.0
540,5.0
541,3.0
542,7.0
543,6.0
544,3.0
545,2.0
546,2.0
547,3.0
548,1.0
549,2.0
550,0.0
551,3.0
552,4.0
553,4.0
554,4.0
555,3.0
556,4.0
557,3.0
558,6.0
559,2.0
560,2.0
561,2.0
562,3.0
563,3.0
564,3.0
565,3.0
566,1.0
567,1.0
568,2.0
569,1.0
570,1.0
571,4.0
572,3.0
573,5.0
574,4.0
575,4.0
576,6.0
577,4.0
578,4.0
579,3.0
580,1.0
581,3.0
582,2.0
583,2.0
584,5.0
585,4.0
586,5.0
587,6.0
588,6.0
589,4.0
590,3.0
591,2.0
592,0.0
593,2.0
594,3.0
595,3.0
596,3.0
597,6.0
598,1.0
599,1.0
600,4.0
601,4.0
602,0.0
603,3.0
604,4.0
605,1.0
606,5.0
607,3.0
608,2.0
609,3.0
610,0.0
611,2.0
612,2.0
613,2.0
614,4.0
615,2.0
616,1.0
617,2.0
618,3.0
619,1.0
620,1.0
621,0.0
622,1.0
623,2.0
624,2.0
625,3.0
626,4.0
627,4.0
628,4.0
629,3.0
630,2.0
631,6.0
632,3.0
633,3.0
634,4.0
635,3.0
636,5.0
637,5.0
638,3.0
639,3.0
640,4.0
641,1.0
642,1.0
643,2.0
644,3.0
645,3.0
646,2.0
647,5.0
648,8.0
649,3.0
650,5.0
651,5.0
652,7.0
653,5.0
654,4.0
655,7.0
656,3.0
657,4.0
658,4.0
659,3.0
660,3.0
661,2.0
662,6.0
663,3.0
664,2.0
665,2.0
666,4.0
667,5.0
668,5.0
669,7.0
670,6.0
671,2.0
672,4.0
673,3.0
674,6.0
675,4.0
676,3.0
677,4.0
678,7.0
679,6.0
680,6.0
681,2.0
682,6.0
683,3.0
684,3.0
685,4.0
686,6.0
687,6.0
688,8.0
689,5.0
690,4.0
691,3.0
692,3.0
693,2.0
694,3.0
695,4.0
696,4.0
697,5.0
698,3.0
699,5.0
700,1.0
701,3.0
702,3.0
703,4.0
704,5.0
705,6.0
706,3.0
707,6.0
708,2.0
709,1.0
710,1.0
711,3.0
712,4.0
713,6.0
714,7.0
715,6.0
716,6.0
717,4.0
718,5.0
719,3.0
720,2.0
721,1.0
722,2.0
723,0.0
724,1.0
725,4.0
726,6.0
727,10.0
728,6.0
729,5.0
730,7.0
731,3.0
732,5.0
733,5.0
734,4.0
735,3.0
736,5.0
737,4.0
738,6.0
739,9.0
740,3.0
741,2.0
742,3.0
743,5.0
744,7.0
745,4.0
746,6.0
747,6.0
748,7.0
749,7.0
750,7.0
751,4.0
752,2.0
753,3.0
754,3.0
755,0.0
756,3.0
757,5.0
758,5.0
759,3.0
760,2.0
761,4.0
762,3.0
763,5.0
764,2.0
765,3.0
766,6.0
767,3.0
768,5.0
769,4.0
770,7.0
771,5.0
772,5.0
773,5.0
774,5.0
775,6.0
776,4.0
777,2.0
778,3.0
779,4.0
780,4.0
781,4.0
782,2.0
783,2.0
784,2.0
785,3.0
786,3.0
787,1.0
788,4.0
789,3.0
790,3.0
791,2.0
792,0.0
793,0.0
794,3.0
795,4.0
796,3.0
797,5.0
798,4.0
799,4.0
800,5.0
801,1.0
802,3.0
803,1.0
804,0.0
805,0.0
806,2.0
807,5.0
808,3.0
809,1.0
810,3.0
811,1.0
812,1.0
813,3.0
814,1.0
815,2.0
816,1.0
817,2.0
818,0.0
819,1.0
820,2.0
821,1.0
822,2.0
823,4.0
824,2.0
825,3.0
826,3.0
827,5.0
828,4.0
829,5.0
830,3.0
831,5.0
832,2.0
833,1.0
834,3.0
835,2.0
836,1.0
837,4.0
838,2.0
839,4.0
840,6.0
841,4.0
842,5.0
843,4.0
844,4.0
845,5.0
846,4.0
847,4.0
848,3.0
849,3.0
850,4.0
851,6.0
852,6.0
853,4.0
854,5.0
855,7.0
856,7.0
857,6.0
858,5.0
859,5.0
860,4.0
861,4.0
862,3.0
863,3.0
864,6.0
865,7.0
866,3.0
867,5.0
868,4.0
869,5.0
870,9.0
871,7.0
872,2.0
873,6.0
874,5.0
875,9.0
876,5.0
877,7.0
878,7.0
879,6.0
880,8.0
881,6.0
882,9.0
883,7.0
884,7.0
885,4.0
886,7.0
887,4.0
888,7.0
889,6.0
890,7.0
891,7.0
892,5.0
893,8.0
894,8.0
895,7.0
896,6.0
897,3.0
898,1.0
899,1.0
900,2.0
901,1.0
902,2.0
903,1.0
904,2.0
905,4.0
906,3.0
907,3.0
908,4.0
909,6.0
910,4.0
911,3.0
912,4.0
913,4.0
914,5.0
915,5.0
916,4.0
917,3.0
918,2.0
919,5.0
920,1.0
921,2.0
922,3.0
923,1.0
924,3.0
925,6.0
926,4.0
927,2.0
928,2.0
929,1.0
930,2.0
931,5.0
932,5.0
933,8.0
934,10.0
935,7.0
936,7.0
937,5.0
938,8.0
939,7.0
940,11.0
941,7.0
942,10.0
943,9.0
944,7.0
945,5.0
946,4.0
947,3.0
948,3.0
949,6.0
950,4.0
951,4.0
952,4.0
953,1.0
954,1.0
955,1.0
956,1.0
957,4.0
958,2.0
959,2.0
960,6.0
961,4.0
962,4.0
963,3.0
964,2.0
965,5.0
966,4.0
967,4.0
968,7.0
969,4.0
970,2.0
971,3.0
972,2.0
973,5.0
974,3.0
975,2.0
976,6.0
977,4.0
978,2.0
979,4.0
980,6.0
981,7.0
982,7.0
983,7.0
984,3.0
985,5.0
986,3.0
987,5.0
988,5.0
989,6.0
990,5.0
991,2.0
992,4.0
993,2.0
994,2.0
995,2.0
996,4.0
997,3.0
998,5.0
999,7.0
1000,4.0
1001,6.0
1002,5.0
1003,2.0
1004,3.0
1005,4.0
1006,3.0
1007,6.0
1008,5.0
1009,6.0
1010,5.0
1011,2.0
1012,3.0
1013,6.0
1014,5.0
1015,4.0
1016,1.0
1017,4.0
1018,6.0
1019,3.0
1020,3.0
1021,3.0
1022,2.0
1023,4.0
1024,4.0
1025,6.0
1026,7.0
1027,6.0
1028,6.0
1029,4.0
1030,6.0
1031,3.0
1032,5.0
1033,3.0
1034,6.0
1035,5.0
1036,4.0
1037,5.0
1038,8.0
1039,4.0
1040,5.0
1041,4.0
1042,2.0
1043,4.0
1044,3.0
1045,4.0
1046,4.0
1047,6.0
1048,4.0
1049,1.0
1050,2.0
1051,2.0
1052,4.0
1053,5.0
1054,2.0
1055,1.0
1056,3.0
1057,4.0
1058,3.0
1059,2.0
1060,2.0
1061,2.0
1062,3.0
1063,3.0
1064,4.0
1065,5.0
1066,4.0
1067,3.0
1068,3.0
1069,1.0
1070,4.0
1071,4.0
1072,3.0
1073,3.0
1074,4.0
1075,2.0
1076,3.0
1077,3.0
1078,4.0
1079,4.0
1080,1.0
1081,5.0
1082,4.0
1083,2.0
1084,1.0
1085,2.0
1086,1.0
1087,1.0
1088,4.0
1089,3.0
1090,4.0
1091,2.0
1092,4.0
1093,3.0
1094,7.0
1095,6.0
1096,5.0
1097,3.0
1098,1.0
1099,1.0
1100,3.0
1101,2.0
1102,1.0
1103,2.0
1104,3.0
1105,7.0
1106,1.0
1107,2.0
1108,2.0
1109,3.0
1110,2.0
1111,7.0
1112,3.0
1113,3.0
1114,3.0
1115,2.0
1116,5.0
1117,3.0
1118,5.0
1119,8.0
1120,3.0
1121,2.0
1122,2.0
1123,0.0
1124,0.0
1125,1.0
1126,2.0
1127,2.0
1128,2.0
1129,1.0
1130,2.0
1131,2.0
1132,4.0
1133,2.0
1134,5.0
1135,4.0
1136,4.0
1137,5.0
1138,4.0
1139,7.0
1140,7.0
1141,5.0
1142,5.0
1143,5.0
1144,3.0
1145,5.0
1146,6.0
1147,4.0
1148,3.0
1149,2.0
1150,3.0
1151,1.0
1152,2.0
1153,2.0
1154,3.0
1155,6.0
1156,5.0
1157,9.0
1158,7.0
1159,6.0
1160,4.0
1161,5.0
1162,5.0
1163,4.0
1164,4.0
1165,3.0
1166,5.0
1167,6.0
1168,4.0
1169,5.0
1170,4.0
1171,3.0
1172,1.0
1173,5.0
1174,4.0
1175,8.0
1176,4.0
1177,3.0
1178,4.0
1179,2.0
1180,0.0
1181,1.0
1182,2.0
1183,3.0
1184,3.0
1185,3.0
1186,2.0
1187,4.0
1188,4.0
1189,3.0
1190,3.0
1191,4.0
1192,3.0
1193,3.0
1194,2.0
1195,4.0
1196,4.0
1197,3.0
1198,2.0
1199,1.0
1200,3.0
1201,3.0
1202,3.0
1203,7.0
1204,4.0
1205,3.0
1206,2.0
1207,2.0
1208,3.0
1209,4.0
1210,4.0
1211,3.0
1212,1.0
1213,2.0
1214,1.0
1215,2.0
1216,2.0
1217,3.0
1218,4.0
1219,4.0
1220,4.0
1221,2.0
1222,4.0
1223,3.0
1224,1.0
1225,0.0
1226,0.0
1227,1.0
1228,1.0
1229,1.0
1230,2.0
1231,2.0
1232,1.0
1233,1.0
1234,3.0
1235,4.0
1236,3.0
1237,5.0
1238,3.0
1239,4.0
1240,4.0
1241,2.0
1242,2.0
1243,5.0
1244,5.0
1245,3.0
1246,6.0
1247,5.0
1248,4.0
1249,5.0
1250,3.0
1251,2.0
1252,5.0
1253,3.0
1254,4.0
1255,4.0
1256,3.0
1257,4.0
1258,2.0
1259,5.0
1260,2.0
1261,2.0
1262,3.0
1263,7.0
1264,6.0
1265,4.0
1266,8.0
1267,8.0
1268,4.0
1269,3.0
1270,3.0
1271,0.0
1272,4.0
1273,4.0
1274,2.0
1275,1.0
1276,1.0
1277,3.0
1278,1.0
1279,2.0
1280,0.0
1281,3.0
1282,6.0
1283,3.0
1284,2.0
1285,2.0
1286,3.0
1287,2.0
1288,2.0
1289,2.0
1290,2.0
1291,4.0
1292,0.0
1293,1.0
1294,1.0
1295,2.0
1296,1.0
1297,1.0
1298,1.0
1299,2.0
1300,2.0
1301,1.0
1302,0.0
1303,0.0
1304,2.0
1305,3.0
1306,6.0
1307,1.0
1308,2.0
1309,1.0
1310,1.0
1311,2.0
1312,3.0
1313,4.0
1314,3.0
1315,1.0
1316,0.0
1317,3.0
1318,4.0
1319,4.0
1320,6.0
1321,6.0
1322,7.0
1323,7.0
1324,9.0
1325,6.0
1326,4.0
1327,4.0
1328,4.0
1329,5.0
1330,5.0
1331,4.0
1332,6.0
1333,2.0
1334,3.0
1335,4.0
1336,5.0
1337,4.0
1338,2.0
1339,3.0
1340,3.0
1341,2.0
1342,1.0
1343,2.0
1344,0.0
1345,0.0
1346,0.0
1347,2.0
1348,2.0
1349,2.0
1350,3.0
1351,5.0
1352,6.0
1353,6.0
1354,6.0
1355,5.0
1356,5.0
1357,3.0
1358,4.0
1359,3.0
1360,4.0
1361,4.0
1362,8.0
1363,6.0
1364,4.0
1365,4.0
1366,4.0
1367,3.0
1368,3.0
1369,4.0
1370,2.0
1371,5.0
1372,5.0
1373,4.0
1374,3.0
1375,1.0
1376,3.0
1377,5.0
1378,3.0
1379,2.0
1380,1.0
1381,1.0
1382,3.0
1383,0.0
1384,2.0
1385,3.0
1386,3.0
1387,5.0
1388,2.0
1389,3.0
1390,3.0
1391,0.0
1392,3.0
1393,0.0
1394,0.0
1395,1.0
1396,1.0
1397,2.0
1398,2.0
1399,2.0
1400,3.0
1401,4.0
1402,5.0
1403,1.0
1404,2.0
1405,1.0
1406,2.0
1407,1.0
1408,1.0
1409,3.0
1410,5.0
1411,2.0
1412,2.0
1413,0.0
1414,0.0
1415,0.0
1416,2.0
1417,2.0
1418,1.0
1419,5.0
1420,2.0
1421,5.0
1422,2.0
1423,0.0
1424,1.0
1425,2.0
1426,2.0
1427,1.0
1428,3.0
1429,5.0
1430,5.0
1431,5.0
1432,5.0
1433,4.0
1434,6.0
1435,5.0
1436,4.0
1437,3.0
1438,3.0
1439,0.0
1440,1.0
1441,3.0
1442,3.0
1443,0.0
1444,3.0
1445,6.0
1446,5.0
1447,5.0
1448,1.0
1449,3.0
1450,2.0
1451,4.0
1452,4.0
1453,2.0
1454,3.0
1455,3.0
1456,5.0
1457,1.0
1458,4.0
1459,3.0
1460,2.0
1461,5.0
1462,5.0
1463,4.0
1464,3.0
1465,4.0
1466,5.0
1467,3.0
1468,3.0
1469,4.0
1470,4.0
1471,1.0
1472,3.0
1473,3.0
1474,5.0
1475,2.0
1476,3.0
1477,2.0
1478,4.0
1479,6.0
1480,5.0
1481,1.0
1482,1.0
1483,1.0
1484,1.0
1485,1.0
1486,1.0
1487,2.0
1488,1.0
1489,0.0
1490,1.0
1491,0.0
1492,3.0
1493,2.0
1494,2.0
1495,5.0
1496,2.0
1497,2.0
1498,4.0
1499,2.0
1500,0.0
1501,1.0
1502,2.0
1503,1.0
1504,2.0
1505,3.0
1506,3.0
1507,3.0
1508,5.0
1509,5.0
1510,6.0
1511,8.0
1512,5.0
1513,5.0
1514,6.0
1515,6.0
1516,6.0
1517,7.0
1518,7.0
1519,9.0
1520,9.0
1521,7.0
1522,5.0
1523,6.0
1524,2.0
1525,4.0
1526,6.0
1527,4.0
1528,6.0
1529,3.0
1530,3.0
1531,1.0
1532,3.0
1533,2.0
1534,1.0
1535,2.0
1536,2.0
1537,4.0
1538,3.0
1539,4.0
1540,4.0
1541,2.0
1542,4.0
1543,3.0
1544,2.0
1545,2.0
1546,1.0
1547,2.0
1548,3.0
1549,2.0
1550,2.0
1551,4.0
1552,2.0
1553,2.0
1554,2.0
1555,5.0
1556,5.0
1557,5.0
1558,5.0
1559,4.0
1560,2.0
1561,4.0
1562,5.0
1563,9.0
1564,5.0
1565,5.0
1566,4.0
1567,2.0
1568,5.0
1569,2.0
1570,3.0
1571,5.0
1572,2.0
1573,2.0
1574,3.0
1575,3.0
1576,3.0
1577,5.0
1578,6.0
1579,3.0
1580,1.0
1581,2.0
1582,2.0
1583,3.0
1584,2.0
1585,4.0
1586,4.0
1587,5.0
1588,3.0
1589,6.0
1590,3.0
1591,2.0
1592,2.0
1593,1.0
1594,2.0
1595,2.0
1596,2.0
1597,3.0
1598,4.0
1599,0.0
1600,2.0
1601,1.0
1602,2.0
1603,2.0
1604,3.0
1605,3.0
1606,4.0
1607,5.0
1608,3.0
1609,3.0
1610,0.0
1611,3.0
1612,6.0
1613,7.0
1614,2.0
1615,3.0
1616,4.0
1617,1.0
1618,4.0
1619,3.0
1620,1.0
1621,2.0
1622,2.0
1623,2.0
1624,2.0
1625,1.0
1626,1.0
1627,1.0
1628,1.0
1629,1.0
1630,1.0
1631,0.0
1632,1.0
1633,0.0
1634,1.0
1635,3.0
1636,2.0
1637,2.0
1638,3.0
1639,2.0
1640,2.0
1641,3.0
1642,4.0
1643,2.0
1644,2.0
1645,3.0
1646,2.0
1647,4.0
1648,1.0
1649,3.0
1650,2.0
1651,4.0
1652,3.0
1653,3.0
1654,2.0
1655,4.0
1656,3.0
1657,2.0
1658,0.0
1659,2.0
1660,1.0
1661,1.0
1662,1.0
1663,0.0
1664,0.0
1665,1.0
1666,1.0
1667,3.0
1668,3.0
1669,4.0
1670,1.0
1671,1.0
1672,2.0
1673,2.0
1674,6.0
1675,5.0
1676,2.0
1677,4.0
1678,3.0
1679,3.0
1680,5.0
1681,2.0
1682,3.0
1683,2.0
1684,0.0
1685,0.0
1686,0.0
1687,2.0
1688,3.0
1689,2.0
1690,3.0
1691,3.0
1692,2.0
1693,2.0
1694,2.0
1695,2.0
1696,1.0
1697,2.0
1698,3.0
1699,4.0
1700,5.0
1701,5.0
1702,4.0
1703,2.0
1704,3.0
1705,4.0
1706,3.0
1707,3.0
1708,3.0
1709,2.0
1710,4.0
1711,7.0
1712,7.0
1713,6.0
1714,5.0
1715,1.0
1716,1.0
1717,1.0
1718,0.0
1719,0.0
1720,1.0
1721,1.0
1722,1.0
1723,2.0
1724,0.0
1725,2.0
1726,1.0
1727,8.0
1728,3.0
1729,5.0
1730,7.0
1731,4.0
1732,2.0
1733,4.0
1734,4.0
1735,3.0
1736,3.0
1737,5.0
1738,5.0
1739,4.0
1740,5.0
1741,1.0
1742,1.0
1743,0.0
1744,2.0
1745,1.0
1746,1.0
1747,2.0
1748,2.0
1749,3.0
1750,2.0
1751,3.0
1752,5.0
1753,7.0
1754,6.0
1755,4.0
1756,5.0
1757,5.0
1758,2.0
1759,3.0
1760,2.0
1761,5.0
1762,3.0
1763,5.0
1764,4.0
1765,2.0
1766,1.0
1767,2.0
1768,3.0
1769,5.0
1770,2.0
1771,5.0
1772,3.0
1773,2.0
1774,1.0
1775,2.0
1776,1.0
1777,3.0
1778,8.0
1779,6.0
1780,4.0
1781,4.0
1782,4.0
1783,4.0
1784,4.0
1785,5.0
1786,4.0
1787,4.0
1788,7.0
1789,6.0
1790,4.0
1791,5.0
1792,4.0
1793,8.0
1794,4.0
1795,2.0
1796,3.0
1797,5.0
1798,2.0
1799,4.0
1800,4.0
1801,5.0
1802,5.0
1803,3.0
1804,2.0
1805,3.0
1806,4.0
1807,5.0
1808,3.0
1809,3.0
1810,3.0
1811,2.0
1812,6.0
1813,2.0
1814,2.0
1815,3.0
1816,5.0
1817,6.0
1818,4.0
1819,4.0
1820,1.0
1821,5.0
1822,3.0
1823,1.0
1824,3.0
1825,3.0
1826,2.0
1827,1.0
1828,1.0
1829,4.0
1830,5.0
1831,4.0
1832,3.0
1833,3.0
1834,4.0
1835,4.0
1836,3.0
1837,4.0
1838,2.0
1839,3.0
1840,2.0
1841,2.0
1842,2.0
1843,2.0
1844,0.0
1845,0.0
1846,1.0
1847,2.0
1848,1.0
1849,0.0
1850,0.0
1851,2.0
1852,2.0
1853,2.0
1854,3.0
1855,1.0
1856,5.0
1857,7.0
1858,4.0
1859,3.0
1860,1.0
1861,3.0
1862,1.0
1863,2.0
1864,3.0
1865,2.0
1866,2.0
1867,3.0
1868,2.0
1869,3.0
1870,1.0
1871,2.0
1872,3.0
1873,4.0
1874,6.0
1875,5.0
1876,3.0
1877,6.0
1878,5.0
1879,5.0
1880,6.0
1881,3.0
1882,3.0
1883,4.0
1884,4.0
1885,2.0
1886,5.0
1887,4.0
1888,4.0
1889,1.0
1890,4.0
1891,2.0
1892,2.0
1893,1.0
1894,1.0
1895,2.0
1896,4.0
1897,1.0
1898,1.0
1899,1.0
1900,1.0
1901,3.0
1902,3.0
1903,3.0
1904,3.0
1905,3.0
1906,4.0
1907,6.0
1908,3.0
1909,4.0
1910,5.0
1911,4.0
1912,7.0
1913,7.0
1914,8.0
1915,4.0
1916,2.0
1917,0.0
1918,2.0
1919,2.0
1920,3.0
1921,1.0
1922,1.0
1923,2.0
1924,2.0
1925,3.0
1926,5.0
1927,3.0
1928,4.0
1929,4.0
1930,3.0
1931,2.0
1932,2.0
1933,2.0
1934,1.0
1935,1.0
1936,4.0
1937,6.0
1938,6.0
1939,8.0
1940,4.0
1941,4.0
1942,3.0
1943,1.0
1944,1.0
1945,3.0
1946,2.0
1947,4.0
1948,2.0
1949,4.0
1950,2.0
1951,2.0
1952,5.0
1953,2.0
1954,5.0
1955,2.0
1956,5.0
1957,6.0
1958,6.0
1959,3.0
1960,7.0
1961,4.0
1962,3.0
1963,5.0
1964,4.0
1965,3.0
1966,3.0
1967,3.0
1968,2.0
1969,1.0
1970,1.0
1971,1.0
1972,2.0
1973,2.0
1974,4.0
1975,1.0
1976,1.0
1977,2.0
1978,1.0
1979,2.0
1980,3.0
1981,4.0
1982,4.0
1983,2.0
1984,4.0
1985,5.0
1986,3.0
1987,3.0
1988,4.0
1989,4.0
1990,3.0
1991,3.0
1992,3.0
1993,6.0
1994,6.0
1995,3.0
1996,0.0
1997,2.0
1998,2.0
1999,3.0
2000,2.0
2001,2.0
2002,4.0
2003,4.0
2004,4.0
2005,4.0
2006,6.0
2007,6.0
2008,4.0
2009,5.0
2010,3.0
2011,5.0
2012,4.0
2013,3.0
2014,4.0
2015,2.0
2016,2.0
2017,1.0
2018,2.0
2019,3.0
2020,5.0
2021,0.0
2022,5.0
2023,4.0
2024,6.0
2025,2.0
2026,1.0
2027,4.0
2028,4.0
2029,6.0
2030,5.0
2031,5.0
2032,2.0
2033,1.0
2034,2.0
2035,2.0
2036,0.0
2037,0.0
2038,3.0
2039,3.0
2040,5.0
2041,2.0
2042,3.0
2043,5.0
2044,4.0
2045,3.0
2046,2.0
2047,3.0
2048,3.0
2049,0.0
2050,0.0
2051,1.0
2052,3.0
2053,2.0
2054,3.0
2055,2.0
2056,2.0
2057,1.0
2058,1.0
2059,3.0
2060,1.0
2061,2.0
2062,3.0
2063,2.0
2064,2.0
2065,1.0
2066,3.0
2067,3.0
2068,3.0
2069,2.0
2070,2.0
2071,2.0
2072,2.0
2073,3.0
2074,4.0
2075,5.0
2076,4.0
2077,2.0
2078,1.0
2079,4.0
2080,2.0
2081,4.0
2082,3.0
2083,5.0
2084,5.0
2085,4.0
2086,4.0
2087,4.0
2088,5.0
2089,6.0
2090,3.0
2091,3.0
2092,3.0
2093,2.0
2094,4.0
2095,2.0
2096,3.0
2097,3.0
2098,5.0
2099,4.0
2100,2.0
2101,2.0
2102,6.0
2103,4.0
2104,5.0
2105,3.0
2106,3.0
2107,4.0
2108,3.0
2109,2.0
2110,4.0
2111,1.0
2112,1.0
2113,2.0
2114,3.0
2115,5.0
2116,2.0
2117,4.0
2118,5.0
2119,7.0
2120,6.0
2121,5.0
2122,3.0
2123,4.0
2124,6.0
2125,2.0
2126,4.0
2127,3.0
2128,2.0
2129,6.0
2130,5.0
2131,5.0
2132,3.0
2133,4.0
2134,5.0
2135,5.0
2136,3.0
2137,4.0
2138,6.0
2139,4.0
2140,5.0
2141,5.0
2142,7.0
2143,8.0
2144,4.0
2145,4.0
2146,3.0
2147,5.0
2148,4.0
2149,5.0
2150,5.0
2151,3.0
2152,2.0
2153,1.0
2154,1.0
2155,2.0
2156,2.0
2157,3.0
2158,3.0
2159,3.0
2160,3.0
2161,2.0
2162,2.0
2163,4.0
2164,6.0
2165,4.0
2166,4.0
2167,5.0
2168,5.0
2169,4.0
2170,5.0
2171,6.0
2172,4.0
2173,5.0
2174,5.0
2175,6.0
2176,3.0
2177,4.0
2178,3.0
2179,3.0
2180,2.0
2181,1.0
2182,3.0
2183,5.0
2184,4.0
2185,4.0
2186,4.0
2187,4.0
2188,3.0
2189,4.0
2190,5.0
2191,6.0
2192,8.0
2193,3.0
2194,5.0
2195,3.0
2196,1.0
2197,1.0
2198,3.0
2199,6.0
2200,4.0
2201,6.0
2202,8.0
2203,5.0
2204,5.0
2205,5.0
2206,2.0
2207,5.0
2208,7.0
2209,7.0
2210,5.0
2211,6.0
2212,3.0
2213,7.0
2214,3.0
2215,5.0
2216,6.0
2217,6.0
2218,9.0
2219,5.0
2220,5.0
2221,5.0
2222,6.0
2223,5.0
2224,5.0
2225,5.0
2226,1.0
2227,4.0
2228,3.0
2229,4.0
2230,4.0
2231,4.0
2232,6.0
2233,2.0
2234,5.0
2235,6.0
2236,3.0
2237,5.0
2238,2.0
2239,5.0
2240,5.0
2241,4.0
2242,3.0
2243,3.0
2244,3.0
2245,3.0
2246,1.0
2247,3.0
2248,2.0
2249,2.0
2250,2.0
2251,2.0
2252,2.0
2253,2.0
2254,1.0
2255,6.0
2256,3.0
2257,5.0
2258,3.0
2259,2.0
2260,1.0
2261,2.0
2262,6.0
2263,3.0
2264,2.0
2265,1.0
2266,3.0
2267,1.0
2268,0.0
2269,0.0
2270,3.0
2271,5.0
2272,4.0
2273,2.0
2274,3.0
2275,4.0
2276,5.0
2277,1.0
2278,3.0
2279,1.0
2280,1.0
2281,3.0
2282,2.0
2283,4.0
2284,3.0
2285,4.0
2286,3.0
2287,1.0
2288,4.0
2289,4.0
2290,7.0
2291,6.0
2292,4.0
2293,7.0
2294,6.0
2295,4.0
2296,3.0
2297,6.0
2298,2.0
2299,8.0
2300,4.0
2301,4.0
2302,3.0
2303,2.0
2304,3.0
2305,3.0
2306,2.0
2307,2.0
2308,4.0
2309,4.0
2310,3.0
2311,1.0
2312,3.0
2313,5.0
2314,3.0
2315,5.0
2316,6.0
2317,3.0
2318,4.0
2319,3.0
2320,2.0
2321,2.0
2322,2.0
2323,6.0
2324,6.0
2325,7.0
2326,6.0
2327,4.0
2328,3.0
2329,3.0
2330,3.0
2331,4.0
2332,7.0
2333,4.0
2334,4.0
2335,3.0
2336,4.0
2337,5.0
2338,8.0
2339,5.0
2340,5.0
2341,4.0
2342,6.0
2343,5.0
2344,5.0
2345,2.0
2346,3.0
2347,6.0
2348,6.0
2349,5.0
2350,2.0
2351,3.0
2352,4.0
2353,1.0
2354,3.0
2355,4.0
2356,7.0
2357,3.0
2358,4.0
2359,3.0
2360,2.0
2361,3.0
2362,4.0
2363,3.0
2364,3.0
2365,4.0
2366,4.0
2367,4.0
2368,3.0
2369,5.0
2370,2.0
2371,3.0
2372,2.0
2373,3.0
2374,2.0
2375,4.0
2376,4.0
2377,5.0
2378,5.0
2379,4.0
2380,2.0
2381,2.0
2382,1.0
2383,5.0
2384,4.0
2385,3.0
2386,2.0
2387,2.0
2388,2.0
2389,5.0
2390,5.0
2391,4.0
2392,2.0
2393,2.0
2394,3.0
2395,3.0
2396,4.0
2397,2.0
2398,1.0
2399,2.0
2400,0.0
2401,1.0
2402,0.0
2403,3.0
2404,2.0
2405,3.0
2406,3.0
2407,3.0
2408,2.0
2409,1.0
2410,2.0
2411,1.0
2412,6.0
2413,5.0
2414,5.0
2415,2.0
2416,3.0
2417,4.0
2418,2.0
2419,4.0
2420,3.0
2421,2.0
2422,4.0
2423,4.0
2424,4.0
2425,2.0
2426,2.0
2427,2.0
2428,1.0
2429,2.0
2430,3.0
2431,1.0
2432,1.0
2433,3.0
2434,3.0
2435,5.0
2436,3.0
2437,6.0
2438,4.0
2439,4.0
2440,5.0
2441,2.0
2442,1.0
2443,3.0
2444,4.0
2445,3.0
2446,4.0
2447,6.0
2448,7.0
2449,5.0
2450,2.0
2451,3.0
2452,4.0
2453,4.0
2454,4.0
2455,5.0
2456,5.0
2457,5.0
2458,5.0
2459,8.0
2460,6.0
2461,7.0
2462,5.0
2463,5.0
2464,4.0
2465,1.0
2466,3.0
2467,1.0
2468,3.0
2469,2.0
2470,3.0
2471,2.0
2472,4.0
2473,3.0
2474,2.0
2475,3.0
2476,2.0
2477,2.0
2478,2.0
2479,1.0
2480,3.0
2481,3.0
2482,2.0
2483,4.0
2484,3.0
2485,3.0
2486,6.0
2487,4.0
2488,4.0
2489,5.0
2490,6.0
2491,4.0
2492,5.0
2493,6.0
2494,9.0
2495,7.0
2496,8.0
2497,6.0
2498,5.0
2499,4.0
2500,2.0
2501,5.0
2502,6.0
2503,3.0
2504,5.0
2505,7.0
2506,5.0
2507,6.0
2508,5.0
2509,0.0
2510,2.0
2511,2.0
2512,2.0
2513,1.0
2514,3.0
2515,2.0
2516,0.0
2517,1.0
2518,4.0
2519,4.0
2520,4.0
2521,3.0
2522,5.0
2523,5.0
2524,5.0
2525,4.0
2526,3.0
2527,6.0
2528,1.0
2529,4.0
2530,4.0
2531,3.0
2532,4.0
2533,5.0
2534,4.0
2535,2.0
2536,1.0
2537,1.0
2538,2.0
2539,3.0
2540,4.0
2541,3.0
2542,3.0
2543,1.0
2544,3.0
2545,3.0
2546,2.0
2547,5.0
2548,9.0
2549,6.0
2550,8.0
2551,5.0
2552,4.0
2553,4.0
2554,7.0
2555,7.0
2556,7.0
2557,5.0
2558,4.0
2559,3.0
2560,3.0
2561,4.0
2562,5.0
2563,2.0
2564,4.0
2565,2.0
2566,5.0
2567,2.0
2568,3.0
2569,4.0
2570,3.0
2571,6.0
2572,5.0
2573,3.0
2574,5.0
2575,7.0
2576,4.0
2577,5.0
2578,5.0
2579,4.0
2580,3.0
2581,2.0
2582,5.0
2583,7.0
2584,6.0
2585,9.0
2586,8.0
2587,6.0
2588,4.0
2589,5.0
2590,5.0
2591,7.0
2592,4.0
2593,4.0
2594,2.0
2595,3.0
2596,4.0
2597,5.0
2598,5.0
2599,5.0
2600,5.0
2601,4.0
2602,6.0
2603,5.0
2604,6.0
2605,3.0
2606,3.0
2607,4.0
2608,6.0
2609,4.0
2610,1.0
2611,3.0
2612,3.0
2613,2.0
2614,4.0
2615,2.0
2616,3.0
2617,4.0
2618,2.0
2619,2.0
2620,3.0
2621,5.0
2622,4.0
2623,4.0
2624,2.0
2625,5.0
2626,2.0
2627,4.0
2628,2.0
2629,3.0
2630,3.0
2631,7.0
2632,3.0
2633,9.0
2634,11.0
2635,9.0
2636,9.0
2637,9.0
2638,6.0
2639,7.0
2640,6.0
2641,4.0
2642,3.0
2643,2.0
2644,3.0
2645,4.0
2646,3.0
2647,6.0
2648,8.0
2649,5.0
2650,4.0
2651,2.0
2652,2.0
2653,3.0
2654,6.0
2655,4.0
2656,4.0
2657,3.0
2658,1.0
2659,3.0
2660,4.0
2661,2.0
2662,1.0
2663,3.0
2664,2.0
2665,2.0
2666,1.0
2667,2.0
2668,2.0
2669,2.0
2670,3.0
2671,3.0
2672,2.0
2673,4.0
2674,6.0
2675,4.0
2676,4.0
2677,5.0
2678,2.0
2679,4.0
2680,3.0
2681,4.0
2682,4.0
2683,3.0
2684,1.0
2685,3.0
2686,1.0
2687,4.0
2688,2.0
2689,6.0
2690,3.0
2691,1.0
2692,0.0
2693,3.0
2694,2.0
2695,4.0
2696,4.0
2697,4.0
2698,2.0
2699,1.0
2700,3.0
2701,2.0
2702,3.0
2703,3.0
2704,1.0
2705,3.0
2706,7.0
2707,6.0
2708,5.0
2709,7.0
2710,3.0
2711,7.0
2712,6.0
2713,4.0
2714,4.0
2715,5.0
2716,3.0
2717,3.0
2718,3.0
2719,3.0
2720,5.0
2721,3.0
2722,3.0
2723,4.0
2724,2.0
2725,3.0
2726,1.0
2727,3.0
2728,2.0
2729,2.0
2730,2.0
2731,2.0
2732,4.0
2733,4.0
2734,4.0
2735,5.0
2736,4.0
2737,5.0
2738,6.0
2739,6.0
2740,5.0
2741,3.0
2742,2.0
2743,3.0
2744,6.0
2745,5.0
2746,4.0
2747,3.0
2748,4.0
2749,4.0
2750,2.0
2751,3.0
2752,4.0
2753,4.0
2754,5.0
2755,3.0
2756,3.0
2757,1.0
2758,3.0
2759,5.0
2760,6.0
2761,6.0
2762,5.0
2763,3.0
2764,3.0
2765,4.0
2766,8.0
2767,5.0
2768,6.0
2769,3.0
2770,5.0
2771,5.0
2772,3.0
2773,3.0
2774,4.0
2775,5.0
2776,5.0
2777,4.0
2778,3.0
2779,3.0
2780,0.0
2781,4.0
2782,7.0
2783,5.0
2784,5.0
2785,5.0
2786,3.0
2787,4.0
2788,4.0
2789,3.0
2790,3.0
2791,3.0
2792,4.0
2793,3.0
2794,3.0
2795,2.0
2796,2.0
2797,4.0
2798,4.0
2799,3.0
2800,3.0
2801,3.0
2802,1.0
2803,2.0
2804,2.0
2805,3.0
2806,4.0
2807,6.0
2808,7.0
2809,5.0
2810,6.0
2811,4.0
2812,3.0
2813,4.0
2814,3.0
2815,1.0
2816,4.0
2817,3.0
2818,3.0
2819,5.0
2820,3.0
2821,4.0
2822,2.0
2823,3.0
2824,4.0
2825,5.0
2826,5.0
2827,2.0
2828,4.0
2829,2.0
2830,5.0
2831,4.0
2832,4.0
2833,8.0
2834,5.0
2835,8.0
2836,5.0
2837,5.0
2838,3.0
2839,5.0
2840,7.0
2841,3.0
2842,4.0
2843,5.0
2844,2.0
2845,4.0
2846,6.0
2847,3.0
2848,2.0
2849,4.0
2850,4.0
2851,2.0
2852,4.0
2853,6.0
2854,2.0
2855,6.0
2856,3.0
2857,2.0
2858,0.0
2859,2.0
2860,2.0
2861,0.0
2862,1.0
2863,1.0
2864,3.0
2865,0.0
2866,1.0
2867,1.0
2868,3.0
2869,2.0
2870,2.0
2871,1.0
2872,2.0
2873,4.0
2874,5.0
2875,5.0
2876,5.0
2877,7.0
2878,8.0
2879,7.0
2880,8.0
2881,5.0
2882,4.0
2883,3.0
2884,2.0
2885,4.0
2886,5.0
2887,1.0
2888,2.0
2889,2.0
2890,2.0
2891,2.0
2892,2.0
2893,2.0
2894,4.0
2895,7.0
2896,3.0
2897,3.0
2898,5.0
2899,1.0
2900,1.0
2901,3.0
2902,1.0
2903,3.0
2904,5.0
2905,5.0
2906,4.0
2907,6.0
2908,3.0
2909,5.0
2910,3.0
2911,2.0
2912,3.0
2913,2.0
2914,2.0
2915,2.0
2916,2.0
2917,2.0
2918,2.0
2919,0.0
2920,4.0
2921,1.0
2922,1.0
2923,1.0
2924,5.0
2925,4.0
2926,3.0
2927,3.0
2928,5.0
2929,5.0
2930,4.0
2931,4.0
2932,8.0
2933,6.0
2934,6.0
2935,6.0
2936,8.0
2937,3.0
2938,1.0
2939,6.0
2940,3.0
2941,6.0
2942,6.0
2943,7.0
2944,9.0
2945,10.0
2946,5.0
2947,6.0
2948,7.0
2949,4.0
2950,5.0
2951,6.0
2952,6.0
2953,7.0
2954,10.0
2955,6.0
2956,6.0
2957,5.0
2958,5.0
2959,5.0
2960,3.0
2961,3.0
2962,3.0
2963,4.0
2964,3.0
2965,5.0
2966,3.0
2967,5.0
2968,4.0
2969,2.0
2970,7.0
2971,7.0
2972,5.0
2973,1.0
2974,3.0
2975,5.0
2976,6.0
2977,4.0
2978,3.0
2979,3.0
2980,3.0
2981,4.0
2982,3.0
2983,6.0
2984,4.0
2985,2.0
2986,1.0
2987,1.0
2988,0.0
2989,3.0
2990,5.0
2991,6.0
2992,3.0
2993,5.0
2994,3.0
2995,3.0
2996,1.0
2997,2.0
2998,4.0
2999,3.0
3000,4.0
3001,4.0
3002,8.0
3003,7.0
3004,5.0
3005,6.0
3006,4.0
3007,3.0
3008,4.0
3009,5.0
3010,6.0
3011,6.0
3012,2.0
3013,6.0
3014,5.0
3015,8.0
3016,5.0
3017,3.0
3018,5.0
3019,6.0
3020,7.0
3021,5.0
3022,5.0
3023,5.0
3024,4.0
3025,3.0
3026,3.0
3027,5.0
3028,4.0
3029,6.0
3030,6.0
3031,3.0
3032,3.0
3033,2.0
3034,2.0
3035,2.0
3036,3.0
3037,3.0
3038,3.0
3039,1.0
3040,2.0
3041,2.0
3042,3.0
3043,3.0
3044,4.0
3045,4.0
3046,6.0
3047,7.0
3048,9.0
3049,8.0
3050,4.0
3051,6.0
3052,5.0
3053,8.0
3054,7.0
3055,4.0
3056,2.0
3057,7.0
3058,4.0
3059,10.0
3060,7.0
3061,3.0
3062,5.0
3063,2.0
3064,4.0
3065,7.0
3066,8.0
3067,7.0
3068,6.0
3069,6.0
3070,4.0
3071,7.0
3072,4.0
3073,3.0
3074,3.0
3075,4.0
3076,4.0
3077,5.0
3078,7.0
3079,6.0
3080,8.0
3081,3.0
3082,3.0
3083,3.0
3084,4.0
3085,3.0
3086,1.0
3087,1.0
3088,0.0
3089,1.0
3090,1.0
3091,2.0
3092,1.0
3093,2.0
3094,4.0
3095,6.0
3096,3.0
3097,2.0
3098,4.0
3099,2.0
3100,2.0
3101,2.0
3102,3.0
3103,3.0
3104,4.0
3105,5.0
3106,5.0
3107,3.0
3108,2.0
3109,3.0
3110,4.0
3111,8.0
3112,6.0
3113,3.0
3114,3.0
3115,3.0
3116,4.0
3117,3.0
3118,3.0
3119,3.0
3120,4.0
3121,1.0
3122,4.0
3123,4.0
3124,2.0
3125,2.0
3126,4.0
3127,2.0
3128,2.0
3129,3.0
3130,5.0
3131,3.0
3132,5.0
3133,5.0
3134,5.0
3135,1.0
3136,2.0
3137,2.0
3138,1.0
3139,1.0
3140,2.0
3141,3.0
3142,5.0
3143,3.0
3144,3.0
3145,3.0
3146,4.0
3147,3.0
3148,3.0
3149,2.0
3150,5.0
3151,4.0
3152,4.0
3153,4.0
3154,6.0
3155,1.0
3156,6.0
3157,7.0
3158,4.0
3159,4.0
3160,4.0
3161,5.0
3162,4.0
3163,5.0
3164,5.0
3165,4.0
3166,4.0
3167,5.0
3168,4.0
3169,7.0
3170,5.0
3171,5.0
3172,5.0
3173,4.0
3174,6.0
3175,4.0
3176,3.0
3177,2.0
3178,3.0
3179,2.0
3180,3.0
3181,5.0
3182,3.0
3183,2.0
3184,1.0
3185,1.0
3186,4.0
3187,4.0
3188,6.0
3189,5.0
3190,4.0
3191,4.0
3192,6.0
3193,5.0
3194,6.0
3195,8.0
3196,5.0
3197,4.0
3198,6.0
3199,2.0
3200,3.0
3201,7.0
3202,4.0
3203,4.0
3204,4.0
3205,5.0
3206,4.0
3207,4.0
3208,5.0
3209,5.0
3210,5.0
3211,5.0
3212,1.0
3213,2.0
3214,3.0
3215,3.0
3216,4.0
3217,1.0
3218,3.0
3219,4.0
3220,4.0
3221,5.0
3222,7.0
3223,8.0
3224,5.0
3225,4.0
3226,2.0
3227,2.0
3228,3.0
3229,4.0
3230,4.0
3231,6.0
3232,3.0
3233,5.0
3234,7.0
3235,2.0
3236,3.0
3237,4.0
3238,3.0
3239,0.0
3240,0.0
3241,0.0
3242,1.0
3243,1.0
3244,0.0
3245,1.0
3246,2.0
3247,3.0
3248,2.0
3249,2.0
3250,4.0
3251,5.0
3252,5.0
3253,6.0
3254,5.0
3255,5.0
3256,2.0
3257,4.0
3258,4.0
3259,3.0
3260,3.0
3261,3.0
3262,3.0
3263,1.0
3264,1.0
3265,2.0
3266,1.0
3267,2.0
3268,1.0
3269,3.0
3270,3.0
3271,1.0
3272,3.0
3273,3.0
3274,1.0
3275,2.0
3276,1.0
3277,3.0
3278,4.0
3279,3.0
3280,6.0
3281,2.0
3282,6.0
3283,5.0
3284,6.0
3285,8.0
3286,7.0
3287,5.0
3288,4.0
3289,3.0
3290,3.0
3291,3.0
3292,1.0
3293,2.0
3294,3.0
3295,5.0
3296,4.0
3297,5.0
3298,3.0
3299,1.0
3300,1.0
3301,2.0
3302,1.0
3303,3.0
3304,1.0
3305,2.0
3306,2.0
3307,3.0
3308,1.0
3309,1.0
3310,4.0
3311,3.0
3312,2.0
3313,3.0
3314,4.0
3315,4.0
3316,4.0
3317,3.0
3318,6.0
3319,4.0
3320,5.0
3321,5.0
3322,5.0
3323,6.0
3324,6.0
3325,7.0
3326,2.0
3327,3.0
3328,3.0
3329,5.0
3330,3.0
3331,7.0
3332,6.0
3333,4.0
3334,8.0
3335,6.0
3336,5.0
3337,1.0
3338,2.0
3339,3.0
3340,4.0
3341,7.0
3342,6.0
3343,7.0
3344,5.0
3345,4.0
3346,6.0
3347,4.0
3348,5.0
3349,5.0
3350,4.0
3351,2.0
3352,3.0
3353,4.0
3354,4.0
3355,4.0
3356,1.0
3357,4.0
3358,5.0
3359,5.0
3360,1.0
3361,0.0
3362,1.0
3363,0.0
3364,0.0
3365,1.0
3366,0.0
3367,1.0
3368,0.0
3369,1.0
3370,2.0
3371,1.0
3372,2.0
3373,3.0
3374,3.0
3375,4.0
3376,1.0
3377,1.0
3378,2.0
3379,1.0
3380,1.0
3381,2.0
3382,0.0
3383,0.0
3384,1.0
3385,2.0
3386,2.0
3387,1.0
3388,1.0
3389,4.0
3390,2.0
3391,3.0
3392,1.0
3393,1.0
3394,3.0
3395,4.0
3396,4.0
3397,2.0
3398,5.0
3399,7.0
3400,5.0
3401,7.0
3402,7.0
3403,7.0
3404,5.0
3405,6.0
3406,7.0
3407,5.0
3408,5.0
3409,4.0
3410,4.0
3411,3.0
3412,2.0
3413,3.0
3414,4.0
3415,5.0
3416,0.0
3417,0.0
3418,2.0
3419,2.0
3420,2.0
3421,1.0
3422,2.0
3423,3.0
3424,2.0
3425,1.0
3426,1.0
3427,1.0
3428,3.0
3429,1.0
3430,2.0
3431,2.0
3432,4.0
3433,7.0
3434,5.0
3435,4.0
3436,3.0
3437,5.0
3438,1.0
3439,1.0
3440,1.0
3441,2.0
3442,1.0
3443,1.0
3444,2.0
3445,2.0
3446,2.0
3447,2.0
3448,4.0
3449,5.0
3450,3.0
3451,6.0
3452,5.0
3453,5.0
3454,2.0
3455,4.0
3456,4.0
3457,2.0
3458,4.0
3459,4.0
3460,2.0
3461,2.0
3462,2.0
3463,1.0
3464,0.0
3465,0.0
3466,1.0
3467,4.0
3468,4.0
3469,3.0
3470,2.0
3471,3.0
3472,3.0
3473,1.0
3474,3.0
3475,1.0
3476,3.0
3477,4.0
3478,3.0
3479,3.0
3480,3.0
3481,4.0
3482,4.0
3483,2.0
3484,4.0
3485,7.0
3486,3.0
3487,3.0
3488,6.0
3489,5.0
3490,4.0
3491,3.0
3492,1.0
3493,0.0
3494,3.0
3495,5.0
3496,2.0
3497,4.0
3498,4.0
3499,6.0
3500,4.0
3501,2.0
3502,3.0
3503,1.0
3504,1.0
3505,3.0
3506,2.0
3507,6.0
3508,0.0
3509,3.0
3510,3.0
3511,4.0
3512,4.0
3513,0.0
3514,1.0
3515,1.0
3516,4.0
3517,4.0
3518,4.0
3519,2.0
3520,0.0
3521,2.0
3522,2.0
3523,2.0
3524,2.0
3525,2.0
3526,7.0
3527,2.0
3528,1.0
3529,0.0
3530,2.0
3531,2.0
3532,1.0
3533,4.0
3534,2.0
3535,2.0
3536,2.0
3537,1.0
3538,1.0
3539,1.0
3540,2.0
3541,0.0
3542,3.0
3543,3.0
3544,3.0
3545,3.0
3546,3.0
3547,2.0
3548,5.0
3549,3.0
3550,7.0
3551,6.0
3552,5.0
3553,4.0
3554,6.0
3555,4.0
3556,3.0
3557,2.0
3558,2.0
3559,2.0
3560,3.0
3561,1.0
3562,3.0
3563,2.0
3564,2.0
3565,4.0
3566,6.0
3567,4.0
3568,5.0
3569,4.0
3570,7.0
3571,7.0
3572,6.0
3573,4.0
3574,3.0
3575,3.0
3576,3.0
3577,2.0
3578,1.0
3579,3.0
3580,3.0
3581,2.0
3582,2.0
3583,4.0
3584,4.0
3585,4.0
3586,5.0
3587,4.0
3588,4.0
3589,5.0
3590,4.0
3591,6.0
3592,6.0
3593,6.0
3594,4.0
3595,2.0
3596,3.0
3597,5.0
3598,7.0
3599,6.0
3600,5.0
3601,8.0
3602,5.0
3603,6.0
3604,1.0
3605,1.0
3606,3.0
3607,2.0
3608,2.0
3609,1.0
3610,1.0
3611,3.0
3612,2.0
3613,3.0
3614,3.0
3615,2.0
3616,1.0
3617,3.0
3618,2.0
3619,2.0
3620,5.0
3621,4.0
3622,5.0
3623,6.0
3624,4.0
3625,3.0
3626,1.0
3627,4.0
3628,3.0
3629,5.0
3630,4.0
3631,2.0
3632,1.0
3633,2.0
3634,2.0
3635,3.0
3636,3.0
3637,3.0
3638,5.0
3639,6.0
3640,5.0
3641,7.0
3642,8.0
3643,9.0
3644,7.0
3645,6.0
3646,7.0
3647,4.0
3648,6.0
3649,5.0
3650,4.0
3651,4.0
3652,2.0
3653,2.0
3654,4.0
3655,3.0
3656,2.0
3657,2.0
3658,3.0
3659,2.0
3660,2.0
3661,3.0
3662,4.0
3663,5.0
3664,5.0
3665,2.0
3666,3.0
3667,2.0
3668,4.0
3669,3.0
3670,2.0
3671,4.0
3672,2.0
3673,3.0
3674,3.0
3675,3.0
3676,1.0
3677,1.0
3678,2.0
3679,2.0
3680,4.0
3681,4.0
3682,1.0
3683,3.0
3684,4.0
3685,3.0
3686,6.0
3687,3.0
3688,3.0
3689,2.0
3690,3.0
3691,1.0
3692,2.0
3693,3.0
3694,3.0
3695,5.0
3696,3.0
3697,6.0
3698,5.0
3699,1.0
3700,2.0
3701,2.0
3702,4.0
3703,6.0
3704,4.0
3705,3.0
3706,3.0
3707,3.0
3708,1.0
3709,2.0
3710,4.0
3711,7.0
3712,5.0
3713,3.0
3714,2.0
3715,3.0
3716,2.0
3717,2.0
3718,3.0
3719,4.0
3720,4.0
3721,4.0
3722,5.0
3723,3.0
3724,3.0
3725,4.0
3726,1.0
3727,1.0
3728,1.0
3729,3.0
3730,4.0
3731,2.0
3732,3.0
3733,2.0
3734,2.0
3735,2.0
3736,5.0
3737,3.0
3738,1.0
3739,1.0
3740,1.0
3741,1.0
3742,2.0
3743,4.0
3744,2.0
3745,1.0
3746,3.0
3747,6.0
3748,7.0
3749,5.0
3750,3.0
3751,3.0
3752,6.0
3753,7.0
3754,4.0
3755,4.0
3756,6.0
3757,4.0
3758,4.0
3759,2.0
3760,2.0
3761,2.0
3762,3.0
3763,3.0
3764,3.0
3765,1.0
3766,2.0
3767,4.0
3768,5.0
3769,4.0
3770,5.0
3771,7.0
3772,8.0
3773,1.0
3774,2.0
3775,5.0
3776,3.0
3777,4.0
3778,5.0
3779,4.0
3780,4.0
3781,3.0
3782,2.0
3783,2.0
3784,1.0
3785,6.0
3786,2.0
3787,5.0
3788,7.0
3789,4.0
3790,3.0
3791,1.0
3792,3.0
3793,2.0
3794,1.0
3795,1.0
3796,2.0
3797,4.0
3798,3.0
3799,2.0
3800,2.0
3801,4.0
3802,3.0
3803,4.0
3804,2.0
3805,4.0
3806,1.0
3807,3.0
3808,4.0
3809,3.0
3810,3.0
3811,7.0
3812,5.0
3813,4.0
3814,5.0
3815,4.0
3816,6.0
3817,4.0
3818,2.0
3819,4.0
3820,6.0
3821,4.0
3822,4.0
3823,2.0
3824,3.0
3825,5.0
3826,3.0
3827,6.0
3828,3.0
3829,4.0
3830,6.0
3831,7.0
3832,3.0
3833,5.0
3834,4.0
3835,3.0
3836,2.0
3837,5.0
3838,7.0
3839,7.0
3840,5.0
3841,6.0
3842,4.0
3843,5.0
3844,5.0
3845,3.0
3846,2.0
3847,2.0
3848,3.0
3849,2.0
3850,1.0
3851,0.0
3852,1.0
3853,3.0
3854,5.0
3855,1.0
3856,1.0
3857,3.0
3858,3.0
3859,2.0
3860,2.0
3861,3.0
3862,2.0
3863,3.0
3864,2.0
3865,5.0
3866,1.0
3867,2.0
3868,5.0
3869,4.0
3870,3.0
3871,2.0
3872,3.0
3873,3.0
3874,5.0
3875,2.0
3876,2.0
3877,1.0
3878,1.0
3879,6.0
3880,4.0
3881,3.0
3882,1.0
3883,5.0
3884,3.0
3885,5.0
3886,7.0
3887,3.0
3888,4.0
3889,2.0
3890,3.0
3891,5.0
3892,6.0
3893,8.0
3894,5.0
3895,3.0
3896,5.0
3897,8.0
3898,6.0
3899,7.0
3900,6.0
3901,7.0
3902,9.0
3903,3.0
3904,5.0
3905,5.0
3906,3.0
3907,2.0
3908,6.0
3909,4.0
3910,6.0
3911,9.0
3912,4.0
3913,1.0
3914,2.0
3915,5.0
3916,6.0
3917,4.0
3918,6.0
3919,5.0
3920,7.0
3921,7.0
3922,8.0
3923,4.0
3924,4.0
3925,6.0
3926,7.0
3927,5.0
3928,10.0
3929,4.0
3930,5.0
3931,6.0
3932,3.0
3933,2.0
3934,3.0
3935,1.0
3936,2.0
3937,4.0
3938,5.0
3939,5.0
3940,4.0
3941,6.0
3942,5.0
3943,2.0
3944,3.0
3945,5.0
3946,4.0
3947,5.0
3948,5.0
3949,4.0
3950,3.0
3951,4.0
3952,4.0
3953,3.0
3954,4.0
3955,5.0
3956,6.0
3957,4.0
3958,4.0
3959,4.0
3960,3.0
3961,2.0
3962,2.0
3963,3.0
3964,5.0
3965,4.0
3966,2.0
3967,5.0
3968,4.0
3969,2.0
3970,7.0
3971,4.0
3972,5.0
3973,5.0
3974,3.0
3975,4.0
3976,2.0
3977,1.0
3978,7.0
3979,5.0
3980,5.0
3981,6.0
3982,3.0
3983,2.0
3984,1.0
3985,4.0
3986,4.0
3987,3.0
3988,4.0
3989,2.0
3990,4.0
3991,3.0
3992,3.0
3993,1.0
3994,4.0
3995,4.0
3996,3.0
3997,4.0
3998,4.0
3999,5.0
4000,4.0
4001,2.0
4002,2.0
4003,4.0
4004,9.0
4005,5.0
4006,4.0
4007,4.0
4008,4.0
4009,5.0
4010,6.0
4011,4.0
4012,6.0
4013,3.0
4014,1.0
4015,3.0
4016,2.0
4017,3.0
4018,1.0
4019,1.0
4020,1.0
4021,2.0
4022,3.0
4023,2.0
4024,1.0
4025,2.0
4026,3.0
4027,4.0
4028,3.0
4029,4.0
4030,3.0
4031,3.0
4032,3.0
4033,5.0
4034,7.0
4035,6.0
4036,4.0
4037,3.0
4038,3.0
4039,2.0
4040,1.0
4041,3.0
4042,3.0
4043,6.0
4044,4.0
4045,1.0
4046,2.0
4047,3.0
4048,4.0
4049,6.0
4050,3.0
4051,4.0
4052,3.0
4053,3.0
4054,3.0
4055,3.0
4056,3.0
4057,1.0
4058,2.0
4059,3.0
4060,2.0
4061,1.0
4062,2.0
4063,1.0
4064,2.0
4065,1.0
4066,2.0
4067,2.0
4068,5.0
4069,3.0
4070,4.0
4071,6.0
4072,3.0
4073,4.0
4074,4.0
4075,5.0
4076,3.0
4077,1.0
4078,2.0
4079,2.0
4080,2.0
4081,2.0
4082,1.0
4083,0.0
4084,0.0
4085,1.0
4086,3.0
4087,0.0
4088,1.0
4089,1.0
4090,1.0
4091,0.0
4092,5.0
4093,4.0
4094,2.0
4095,1.0
4096,1.0
4097,2.0
4098,1.0
4099,1.0
4100,2.0
4101,1.0
4102,0.0
4103,2.0
4104,5.0
4105,4.0
4106,4.0
4107,3.0
4108,1.0
4109,0.0
4110,1.0
4111,4.0
4112,1.0
4113,2.0
4114,4.0
4115,5.0
4116,4.0
4117,5.0
4118,4.0
4119,2.0
4120,2.0
4121,3.0
4122,4.0
4123,2.0
4124,1.0
4125,5.0
4126,6.0
4127,7.0
4128,8.0
4129,2.0
4130,3.0
4131,6.0
4132,5.0
4133,5.0
4134,4.0
4135,4.0
4136,3.0
4137,7.0
4138,5.0
4139,7.0
4140,5.0
4141,5.0
4142,3.0
4143,6.0
4144,1.0
4145,6.0
4146,5.0
4147,4.0
4148,5.0
4149,5.0
4150,5.0
4151,5.0
4152,5.0
4153,4.0
4154,4.0
4155,0.0
4156,1.0
4157,3.0
4158,3.0
4159,4.0
4160,3.0
4161,4.0
4162,2.0
4163,5.0
4164,6.0
4165,6.0
4166,1.0
4167,1.0
4168,3.0
4169,3.0
4170,3.0
4171,2.0
4172,3.0
4173,3.0
4174,3.0
4175,4.0
4176,4.0
4177,5.0
4178,1.0
4179,5.0
4180,5.0
4181,3.0
4182,3.0
4183,2.0
4184,3.0
4185,0.0
4186,2.0
4187,4.0
4188,4.0
4189,3.0
4190,2.0
4191,3.0
4192,1.0
4193,3.0
4194,4.0
4195,4.0
4196,4.0
4197,5.0
4198,2.0
4199,2.0
4200,3.0
4201,4.0
4202,2.0
4203,1.0
4204,0.0
4205,1.0
4206,3.0
4207,4.0
4208,2.0
4209,3.0
4210,4.0
4211,5.0
4212,2.0
4213,3.0
4214,4.0
4215,3.0
4216,6.0
4217,5.0
4218,5.0
4219,5.0
4220,6.0
4221,4.0
4222,3.0
4223,3.0
4224,5.0
4225,3.0
4226,5.0
4227,2.0
4228,3.0
4229,7.0
4230,4.0
4231,1.0
4232,1.0
4233,1.0
4234,2.0
4235,2.0
4236,3.0
4237,2.0
4238,2.0
4239,2.0
4240,2.0
4241,3.0
4242,2.0
4243,0.0
4244,2.0
4245,2.0
4246,3.0
4247,2.0
4248,0.0
4249,1.0
4250,2.0
4251,0.0
4252,1.0
4253,1.0
4254,2.0
4255,3.0
4256,1.0
4257,0.0
4258,1.0
4259,3.0
4260,0.0
4261,1.0
4262,2.0
4263,2.0
4264,3.0
4265,0.0
4266,3.0
4267,2.0
4268,4.0
4269,2.0
4270,3.0
4271,5.0
4272,4.0
4273,5.0
4274,3.0
4275,2.0
4276,3.0
4277,3.0
4278,3.0
4279,1.0
4280,3.0
4281,3.0
4282,1.0
4283,5.0
4284,5.0
4285,6.0
4286,4.0
4287,3.0
4288,4.0
4289,3.0
4290,4.0
4291,4.0
4292,2.0
4293,2.0
4294,3.0
4295,2.0
4296,3.0
4297,4.0
4298,4.0
4299,3.0
4300,2.0
4301,2.0
4302,3.0
4303,6.0
4304,5.0
4305,3.0
4306,3.0
4307,2.0
4308,3.0
4309,6.0
4310,3.0
4311,5.0
4312,2.0
4313,1.0
4314,3.0
4315,4.0
4316,4.0
4317,5.0
4318,0.0
4319,1.0
4320,2.0
4321,1.0
4322,2.0
4323,3.0
4324,3.0
4325,5.0
4326,6.0
4327,4.0
4328,6.0
4329,6.0
4330,4.0
4331,5.0
4332,1.0
4333,0.0
4334,3.0
4335,7.0
4336,6.0
4337,5.0
4338,2.0
4339,3.0
4340,4.0
4341,5.0
4342,3.0
4343,4.0
4344,5.0
4345,5.0
4346,7.0
4347,4.0
4348,7.0
4349,5.0
4350,5.0
4351,3.0
4352,5.0
4353,4.0
4354,4.0
4355,4.0
4356,4.0
4357,3.0
4358,2.0
4359,0.0
4360,3.0
4361,4.0
4362,3.0
4363,4.0
4364,2.0
4365,3.0
4366,4.0
4367,2.0
4368,7.0
4369,7.0
4370,6.0
4371,5.0
4372,6.0
4373,7.0
4374,7.0
4375,8.0
4376,4.0
4377,6.0
4378,8.0
4379,10.0
4380,3.0
4381,4.0
4382,3.0
4383,1.0
4384,1.0
4385,4.0
4386,2.0
4387,1.0
4388,0.0
4389,2.0
4390,2.0
4391,3.0
4392,5.0
4393,3.0
4394,4.0
4395,5.0
4396,2.0
4397,2.0
4398,0.0
4399,1.0
4400,1.0
4401,1.0
4402,2.0
4403,3.0
4404,4.0
4405,4.0
4406,3.0
4407,5.0
4408,3.0
4409,6.0
4410,6.0
4411,5.0
4412,4.0
4413,3.0
4414,2.0
4415,3.0
4416,3.0
4417,2.0
4418,2.0
4419,1.0
4420,4.0
4421,3.0
4422,2.0
4423,2.0
4424,2.0
4425,1.0
4426,3.0
4427,5.0
4428,3.0
4429,2.0
4430,3.0
4431,3.0
4432,4.0
4433,4.0
4434,3.0
4435,3.0
4436,4.0
4437,5.0
4438,5.0
4439,3.0
4440,1.0
4441,1.0
4442,1.0
4443,1.0
4444,5.0
4445,4.0
4446,1.0
4447,2.0
4448,2.0
4449,2.0
4450,2.0
4451,3.0
4452,2.0
4453,3.0
4454,4.0
4455,3.0
4456,3.0
4457,3.0
4458,2.0
4459,6.0
4460,7.0
4461,9.0
4462,5.0
4463,6.0
4464,7.0
4465,4.0
4466,4.0
4467,6.0
4468,6.0
4469,3.0
4470,5.0
4471,6.0
4472,2.0
4473,2.0
4474,5.0
4475,5.0
4476,4.0
4477,5.0
4478,3.0
4479,5.0
4480,4.0
4481,5.0
4482,2.0
4483,4.0
4484,5.0
4485,5.0
4486,3.0
4487,4.0
4488,3.0
4489,5.0
4490,4.0
4491,8.0
4492,7.0
4493,3.0
4494,7.0
4495,4.0
4496,3.0
4497,4.0
4498,5.0
4499,3.0
4500,2.0
4501,2.0
4502,6.0
4503,4.0
4504,2.0
4505,4.0
4506,5.0
4507,4.0
4508,3.0
4509,3.0
4510,5.0
4511,5.0
4512,5.0
4513,5.0
4514,6.0
4515,5.0
4516,0.0
4517,1.0
4518,2.0
4519,4.0
4520,4.0
4521,3.0
4522,2.0
4523,3.0
4524,3.0
4525,2.0
4526,2.0
4527,0.0
4528,2.0
4529,1.0
4530,4.0
4531,4.0
4532,1.0
4533,3.0
4534,3.0
4535,2.0
4536,2.0
4537,5.0
4538,4.0
4539,4.0
4540,1.0
4541,4.0
4542,1.0
4543,2.0
4544,1.0
4545,3.0
4546,4.0
4547,3.0
4548,3.0
4549,8.0
4550,7.0
4551,6.0
4552,4.0
4553,2.0
4554,3.0
4555,1.0
4556,3.0
4557,4.0
4558,5.0
4559,6.0
4560,5.0
4561,5.0
4562,1.0
4563,8.0
4564,5.0
4565,2.0
4566,1.0
4567,3.0
4568,2.0
4569,3.0
4570,3.0
4571,5.0
4572,5.0
4573,5.0
4574,8.0
4575,4.0
4576,6.0
4577,7.0
4578,8.0
4579,7.0
4580,6.0
4581,6.0
4582,5.0
4583,3.0
4584,2.0
4585,6.0
4586,4.0
4587,3.0
4588,5.0
4589,5.0
4590,3.0
4591,6.0
4592,7.0
4593,7.0
4594,7.0
4595,3.0
4596,4.0
4597,2.0
4598,2.0
4599,4.0
4600,4.0
4601,5.0
4602,6.0
4603,6.0
4604,8.0
4605,8.0
4606,7.0
4607,3.0
4608,4.0
4609,4.0
4610,4.0
4611,6.0
4612,5.0
4613,5.0
4614,6.0
4615,4.0
4616,6.0
4617,5.0
4618,3.0
4619,3.0
4620,2.0
4621,1.0
4622,5.0
4623,3.0
4624,4.0
4625,5.0
4626,4.0
4627,5.0
4628,5.0
4629,6.0
4630,6.0
4631,7.0
4632,4.0
4633,5.0
4634,5.0
4635,5.0
4636,4.0
4637,3.0
4638,5.0
4639,5.0
4640,3.0
4641,3.0
4642,3.0
4643,0.0
4644,2.0
4645,4.0
4646,2.0
4647,1.0
4648,2.0
4649,5.0
4650,4.0
4651,4.0
4652,4.0
4653,5.0
4654,2.0
4655,3.0
4656,4.0
4657,2.0
4658,3.0
4659,1.0
4660,1.0
4661,1.0
4662,2.0
4663,2.0
4664,3.0
4665,5.0
4666,7.0
4667,6.0
4668,6.0
4669,3.0
4670,3.0
4671,3.0
4672,5.0
4673,3.0
4674,3.0
4675,4.0
4676,7.0
4677,3.0
4678,3.0
4679,2.0
4680,3.0
4681,8.0
4682,6.0
4683,5.0
4684,5.0
4685,5.0
4686,3.0
4687,3.0
4688,3.0
4689,2.0
4690,2.0
4691,5.0
4692,7.0
4693,3.0
4694,4.0
4695,3.0
4696,3.0
4697,1.0
4698,1.0
4699,3.0
4700,4.0
4701,2.0
4702,3.0
4703,5.0
4704,2.0
4705,0.0
4706,2.0
4707,2.0
4708,2.0
4709,1.0
4710,1.0
4711,2.0
4712,4.0
4713,3.0
4714,4.0
4715,3.0
4716,2.0
4717,2.0
4718,1.0
4719,4.0
4720,3.0
4721,2.0
4722,2.0
4723,3.0
4724,3.0
4725,3.0
4726,3.0
4727,5.0
4728,6.0
4729,4.0
4730,2.0
4731,0.0
4732,4.0
4733,3.0
4734,2.0
4735,2.0
4736,4.0
4737,3.0
4738,2.0
4739,4.0
4740,3.0
4741,3.0
4742,3.0
4743,5.0
4744,6.0
4745,4.0
4746,5.0
4747,3.0
4748,1.0
4749,2.0
4750,6.0
4751,5.0
4752,2.0
4753,1.0
4754,6.0
4755,5.0
4756,6.0
4757,5.0
4758,4.0
4759,2.0
4760,2.0
4761,1.0
4762,1.0
4763,1.0
4764,2.0
4765,1.0
4766,0.0
4767,1.0
4768,2.0
4769,3.0
4770,3.0
4771,4.0
4772,3.0
4773,3.0
4774,4.0
4775,5.0
4776,4.0
4777,1.0
4778,1.0
4779,1.0
4780,1.0
4781,3.0
4782,3.0
4783,5.0
4784,5.0
4785,2.0
4786,6.0
4787,6.0
4788,4.0
4789,4.0
4790,5.0
4791,7.0
4792,5.0
4793,4.0
4794,7.0
4795,4.0
4796,5.0
4797,4.0
4798,6.0
4799,5.0
4800,4.0
4801,3.0
4802,5.0
4803,5.0
4804,3.0
4805,3.0
4806,1.0
4807,5.0
4808,5.0
4809,6.0
4810,7.0
4811,5.0
4812,6.0
4813,4.0
4814,7.0
4815,5.0
4816,5.0
4817,6.0
4818,8.0
4819,7.0
4820,4.0
4821,2.0
4822,3.0
4823,5.0
4824,5.0
4825,3.0
4826,2.0
4827,2.0
4828,2.0
4829,2.0
4830,4.0
4831,4.0
4832,2.0
4833,2.0
4834,4.0
4835,1.0
4836,3.0
4837,2.0
4838,6.0
4839,8.0
4840,4.0
4841,3.0
4842,5.0
4843,2.0
4844,5.0
4845,4.0
4846,4.0
4847,1.0
4848,3.0
4849,5.0
4850,6.0
4851,4.0
4852,4.0
4853,6.0
4854,2.0
4855,4.0
4856,6.0
4857,4.0
4858,4.0
4859,5.0
4860,5.0
4861,2.0
4862,7.0
4863,5.0
4864,3.0
4865,5.0
4866,5.0
4867,6.0
4868,2.0
4869,5.0
4870,3.0
4871,4.0
4872,2.0
4873,2.0
4874,1.0
4875,1.0
4876,2.0
4877,2.0
4878,4.0
4879,3.0
4880,2.0
4881,3.0
4882,0.0
4883,3.0
4884,4.0
4885,5.0
4886,4.0
4887,1.0
4888,6.0
4889,4.0
4890,4.0
4891,3.0
4892,1.0
4893,2.0
4894,3.0
4895,3.0
4896,5.0
4897,5.0
4898,5.0
4899,5.0
4900,4.0
4901,3.0
4902,1.0
4903,1.0
4904,2.0
4905,3.0
4906,5.0
4907,3.0
4908,4.0
4909,3.0
4910,3.0
4911,3.0
4912,6.0
4913,4.0
4914,4.0
4915,3.0
4916,3.0
4917,4.0
4918,4.0
4919,4.0
4920,3.0
4921,2.0
4922,2.0
4923,3.0
4924,4.0
4925,3.0
4926,2.0
4927,1.0
4928,3.0
4929,3.0
4930,6.0
4931,5.0
4932,3.0
4933,2.0
4934,3.0
4935,5.0
4936,3.0
4937,4.0
4938,1.0
4939,1.0
4940,3.0
4941,4.0
4942,2.0
4943,3.0
4944,1.0
4945,3.0
4946,4.0
4947,2.0
4948,6.0
4949,4.0
4950,5.0
4951,5.0
4952,5.0
4953,5.0
4954,7.0
4955,4.0
4956,6.0
4957,7.0
4958,6.0
4959,5.0
4960,4.0
4961,4.0
4962,4.0
4963,5.0
4964,3.0
4965,4.0
4966,6.0
4967,6.0
4968,3.0
4969,3.0
4970,4.0
4971,2.0
4972,4.0
4973,2.0
4974,0.0
4975,1.0
4976,0.0
4977,3.0
4978,1.0
4979,2.0
4980,3.0
4981,2.0
4982,1.0
4983,4.0
4984,4.0
4985,3.0
4986,1.0
4987,1.0
4988,3.0
4989,2.0
4990,0.0
4991,2.0
4992,2.0
4993,4.0
4994,4.0
4995,3.0
4996,3.0
4997,3.0
4998,3.0
4999,3.0
